episode,step,reward,total_reward,player_y,player_vel,next_pipe_dist_to_player,next_pipe_top_y,next_pipe_bottom_y,next_next_pipe_dist_to_player,next_next_pipe_top_y,next_next_pipe_bottom_y
0,0,0.0,0.0,248.0,-8.0,305.0,53,153,449.0,153,253
0,1,0.0,0.0,240.0,-8.0,301.0,53,153,445.0,153,253
0,2,0.0,0.0,233.0,-7.0,297.0,53,153,441.0,153,253
0,3,0.0,0.0,227.0,-6.0,293.0,53,153,437.0,153,253
0,4,0.0,0.0,222.0,-5.0,289.0,53,153,433.0,153,253
0,5,0.0,0.0,218.0,-4.0,285.0,53,153,429.0,153,253
0,6,0.0,0.0,215.0,-3.0,281.0,53,153,425.0,153,253
0,7,0.0,0.0,213.0,-2.0,277.0,53,153,421.0,153,253
0,8,0.0,0.0,212.0,-1.0,273.0,53,153,417.0,153,253
0,9,0.0,0.0,212.0,0.0,269.0,53,153,413.0,153,253
0,10,0.0,0.0,204.0,-8.0,265.0,53,153,409.0,153,253
0,11,0.0,0.0,196.0,-8.0,261.0,53,153,405.0,153,253
0,12,0.0,0.0,188.0,-8.0,257.0,53,153,401.0,153,253
0,13,0.0,0.0,188.0,0.0,253.0,53,153,397.0,153,253
0,14,0.0,0.0,180.0,-8.0,249.0,53,153,393.0,153,253
0,15,0.0,0.0,180.0,0.0,245.0,53,153,389.0,153,253
0,16,0.0,0.0,172.0,-8.0,241.0,53,153,385.0,153,253
0,17,0.0,0.0,172.0,0.0,237.0,53,153,381.0,153,253
0,18,0.0,0.0,164.0,-8.0,233.0,53,153,377.0,153,253
0,19,0.0,0.0,164.0,0.0,229.0,53,153,373.0,153,253
0,20,0.0,0.0,156.0,-8.0,225.0,53,153,369.0,153,253
0,21,0.0,0.0,156.0,0.0,221.0,53,153,365.0,153,253
0,22,0.0,0.0,148.0,-8.0,217.0,53,153,361.0,153,253
0,23,0.0,0.0,148.0,0.0,213.0,53,153,357.0,153,253
0,24,0.0,0.0,140.0,-8.0,209.0,53,153,353.0,153,253
0,25,0.0,0.0,140.0,0.0,205.0,53,153,349.0,153,253
0,26,0.0,0.0,132.0,-8.0,201.0,53,153,345.0,153,253
0,27,0.0,0.0,132.0,0.0,197.0,53,153,341.0,153,253
0,28,0.0,0.0,124.0,-8.0,193.0,53,153,337.0,153,253
0,29,0.0,0.0,124.0,0.0,189.0,53,153,333.0,153,253
0,30,0.0,0.0,116.0,-8.0,185.0,53,153,329.0,153,253
0,31,0.0,0.0,116.0,0.0,181.0,53,153,325.0,153,253
0,32,0.0,0.0,108.0,-8.0,177.0,53,153,321.0,153,253
0,33,0.0,0.0,108.0,0.0,173.0,53,153,317.0,153,253
0,34,0.0,0.0,100.0,-8.0,169.0,53,153,313.0,153,253
0,35,0.0,0.0,100.0,0.0,165.0,53,153,309.0,153,253
0,36,0.0,0.0,92.0,-8.0,161.0,53,153,305.0,153,253
0,37,0.0,0.0,92.0,0.0,157.0,53,153,301.0,153,253
0,38,0.0,0.0,84.0,-8.0,153.0,53,153,297.0,153,253
0,39,0.0,0.0,84.0,0.0,149.0,53,153,293.0,153,253
0,40,0.0,0.0,76.0,-8.0,145.0,53,153,289.0,153,253
0,41,0.0,0.0,76.0,0.0,141.0,53,153,285.0,153,253
0,42,0.0,0.0,68.0,-8.0,137.0,53,153,281.0,153,253
0,43,0.0,0.0,68.0,0.0,133.0,53,153,277.0,153,253
0,44,0.0,0.0,60.0,-8.0,129.0,53,153,273.0,153,253
0,45,0.0,0.0,60.0,0.0,125.0,53,153,269.0,153,253
0,46,0.0,0.0,52.0,-8.0,121.0,53,153,265.0,153,253
0,47,0.0,0.0,52.0,0.0,117.0,53,153,261.0,153,253
0,48,0.0,0.0,44.0,-8.0,113.0,53,153,257.0,153,253
0,49,0.0,0.0,44.0,0.0,109.0,53,153,253.0,153,253
0,50,0.0,0.0,36.0,-8.0,105.0,53,153,249.0,153,253
0,51,0.0,0.0,36.0,0.0,101.0,53,153,245.0,153,253
0,52,0.0,0.0,37.0,1.0,97.0,53,153,241.0,153,253
0,53,0.0,0.0,39.0,2.0,93.0,53,153,237.0,153,253
0,54,0.0,0.0,42.0,3.0,89.0,53,153,233.0,153,253
0,55,0.0,0.0,46.0,4.0,85.0,53,153,229.0,153,253
0,56,0.0,0.0,51.0,5.0,81.0,53,153,225.0,153,253
0,57,0.0,0.0,57.0,6.0,77.0,53,153,221.0,153,253
0,58,0.0,0.0,64.0,7.0,73.0,53,153,217.0,153,253
0,59,0.0,0.0,72.0,8.0,69.0,53,153,213.0,153,253
0,60,0.0,0.0,81.0,9.0,65.0,53,153,209.0,153,253
0,61,0.0,0.0,91.0,10.0,61.0,53,153,205.0,153,253
0,62,0.0,0.0,101.0,10.0,57.0,53,153,201.0,153,253
0,63,0.0,0.0,93.0,-8.0,53.0,53,153,197.0,153,253
0,64,0.0,0.0,93.0,0.0,49.0,53,153,193.0,153,253
0,65,1.0,1.0,94.0,1.0,45.0,53,153,189.0,153,253
0,66,0.0,1.0,96.0,2.0,41.0,53,153,185.0,153,253
0,67,0.0,1.0,99.0,3.0,37.0,53,153,181.0,153,253
0,68,0.0,1.0,103.0,4.0,33.0,53,153,177.0,153,253
0,69,0.0,1.0,108.0,5.0,29.0,53,153,173.0,153,253
0,70,0.0,1.0,114.0,6.0,25.0,53,153,169.0,153,253
0,71,0.0,1.0,106.0,-8.0,21.0,53,153,165.0,153,253
0,72,0.0,1.0,106.0,0.0,17.0,53,153,161.0,153,253
0,73,0.0,1.0,107.0,1.0,13.0,53,153,157.0,153,253
0,74,0.0,1.0,109.0,2.0,9.0,53,153,153.0,153,253
0,75,0.0,1.0,112.0,3.0,5.0,53,153,149.0,153,253
0,76,0.0,1.0,116.0,4.0,1.0,53,153,145.0,153,253
0,77,0.0,1.0,121.0,5.0,141.0,153,253,285.0,37,137
0,78,0.0,1.0,127.0,6.0,137.0,153,253,281.0,37,137
0,79,0.0,1.0,134.0,7.0,133.0,153,253,277.0,37,137
0,80,0.0,1.0,142.0,8.0,129.0,153,253,273.0,37,137
0,81,0.0,1.0,151.0,9.0,125.0,153,253,269.0,37,137
0,82,0.0,1.0,161.0,10.0,121.0,153,253,265.0,37,137
0,83,0.0,1.0,171.0,10.0,117.0,153,253,261.0,37,137
0,84,0.0,1.0,181.0,10.0,113.0,153,253,257.0,37,137
0,85,0.0,1.0,191.0,10.0,109.0,153,253,253.0,37,137
0,86,0.0,1.0,183.0,-8.0,105.0,153,253,249.0,37,137
0,87,0.0,1.0,183.0,0.0,101.0,153,253,245.0,37,137
0,88,0.0,1.0,175.0,-8.0,97.0,153,253,241.0,37,137
0,89,0.0,1.0,175.0,0.0,93.0,153,253,237.0,37,137
0,90,0.0,1.0,176.0,1.0,89.0,153,253,233.0,37,137
0,91,0.0,1.0,178.0,2.0,85.0,153,253,229.0,37,137
0,92,0.0,1.0,181.0,3.0,81.0,153,253,225.0,37,137
0,93,0.0,1.0,185.0,4.0,77.0,153,253,221.0,37,137
0,94,0.0,1.0,190.0,5.0,73.0,153,253,217.0,37,137
0,95,0.0,1.0,196.0,6.0,69.0,153,253,213.0,37,137
0,96,0.0,1.0,188.0,-8.0,65.0,153,253,209.0,37,137
0,97,0.0,1.0,188.0,0.0,61.0,153,253,205.0,37,137
0,98,0.0,1.0,189.0,1.0,57.0,153,253,201.0,37,137
0,99,0.0,1.0,191.0,2.0,53.0,153,253,197.0,37,137
0,100,0.0,1.0,194.0,3.0,49.0,153,253,193.0,37,137
0,101,1.0,2.0,198.0,4.0,45.0,153,253,189.0,37,137
0,102,0.0,2.0,203.0,5.0,41.0,153,253,185.0,37,137
0,103,0.0,2.0,209.0,6.0,37.0,153,253,181.0,37,137
0,104,0.0,2.0,201.0,-8.0,33.0,153,253,177.0,37,137
0,105,0.0,2.0,201.0,0.0,29.0,153,253,173.0,37,137
0,106,0.0,2.0,202.0,1.0,25.0,153,253,169.0,37,137
0,107,0.0,2.0,204.0,2.0,21.0,153,253,165.0,37,137
0,108,0.0,2.0,207.0,3.0,17.0,153,253,161.0,37,137
0,109,0.0,2.0,211.0,4.0,13.0,153,253,157.0,37,137
0,110,0.0,2.0,216.0,5.0,9.0,153,253,153.0,37,137
0,111,0.0,2.0,208.0,-8.0,5.0,153,253,149.0,37,137
0,112,0.0,2.0,208.0,0.0,1.0,153,253,145.0,37,137
0,113,0.0,2.0,209.0,1.0,141.0,37,137,306.6,58,158
0,114,0.0,2.0,201.0,-8.0,137.0,37,137,302.6,58,158
0,115,0.0,2.0,201.0,0.0,133.0,37,137,298.6,58,158
0,116,0.0,2.0,193.0,-8.0,129.0,37,137,294.6,58,158
0,117,0.0,2.0,193.0,0.0,125.0,37,137,290.6,58,158
0,118,0.0,2.0,185.0,-8.0,121.0,37,137,286.6,58,158
0,119,0.0,2.0,185.0,0.0,117.0,37,137,282.6,58,158
0,120,0.0,2.0,177.0,-8.0,113.0,37,137,278.6,58,158
0,121,0.0,2.0,177.0,0.0,109.0,37,137,274.6,58,158
0,122,0.0,2.0,169.0,-8.0,105.0,37,137,270.6,58,158
0,123,0.0,2.0,169.0,0.0,101.0,37,137,266.6,58,158
0,124,0.0,2.0,161.0,-8.0,97.0,37,137,262.6,58,158
0,125,0.0,2.0,161.0,0.0,93.0,37,137,258.6,58,158
0,126,0.0,2.0,153.0,-8.0,89.0,37,137,254.60000000000002,58,158
0,127,0.0,2.0,153.0,0.0,85.0,37,137,250.60000000000002,58,158
0,128,0.0,2.0,145.0,-8.0,81.0,37,137,246.60000000000002,58,158
0,129,0.0,2.0,145.0,0.0,77.0,37,137,242.60000000000002,58,158
0,130,0.0,2.0,137.0,-8.0,73.0,37,137,238.60000000000002,58,158
0,131,0.0,2.0,137.0,0.0,69.0,37,137,234.60000000000002,58,158
0,132,0.0,2.0,129.0,-8.0,65.0,37,137,230.60000000000002,58,158
0,133,-5.0,-3.0,121.0,-8.0,61.0,37,137,226.60000000000002,58,158
0,0,0.0,0.0,240.0,-16.0,305.0,95,195,449.0,122,222
0,1,0.0,0.0,240.0,0.0,301.0,95,195,445.0,122,222
0,2,0.0,0.0,232.0,-8.0,297.0,95,195,441.0,122,222
0,3,0.0,0.0,232.0,0.0,293.0,95,195,437.0,122,222
0,4,0.0,0.0,224.0,-8.0,289.0,95,195,433.0,122,222
0,5,0.0,0.0,224.0,0.0,285.0,95,195,429.0,122,222
0,6,0.0,0.0,216.0,-8.0,281.0,95,195,425.0,122,222
0,7,0.0,0.0,216.0,0.0,277.0,95,195,421.0,122,222
0,8,0.0,0.0,208.0,-8.0,273.0,95,195,417.0,122,222
0,9,0.0,0.0,208.0,0.0,269.0,95,195,413.0,122,222
0,10,0.0,0.0,200.0,-8.0,265.0,95,195,409.0,122,222
0,11,0.0,0.0,200.0,0.0,261.0,95,195,405.0,122,222
0,12,0.0,0.0,192.0,-8.0,257.0,95,195,401.0,122,222
0,13,0.0,0.0,192.0,0.0,253.0,95,195,397.0,122,222
0,14,0.0,0.0,184.0,-8.0,249.0,95,195,393.0,122,222
0,15,0.0,0.0,184.0,0.0,245.0,95,195,389.0,122,222
0,16,0.0,0.0,176.0,-8.0,241.0,95,195,385.0,122,222
0,17,0.0,0.0,176.0,0.0,237.0,95,195,381.0,122,222
0,18,0.0,0.0,168.0,-8.0,233.0,95,195,377.0,122,222
0,19,0.0,0.0,168.0,0.0,229.0,95,195,373.0,122,222
0,20,0.0,0.0,160.0,-8.0,225.0,95,195,369.0,122,222
0,21,0.0,0.0,160.0,0.0,221.0,95,195,365.0,122,222
0,22,0.0,0.0,152.0,-8.0,217.0,95,195,361.0,122,222
0,23,0.0,0.0,152.0,0.0,213.0,95,195,357.0,122,222
0,24,0.0,0.0,144.0,-8.0,209.0,95,195,353.0,122,222
0,25,0.0,0.0,144.0,0.0,205.0,95,195,349.0,122,222
0,26,0.0,0.0,136.0,-8.0,201.0,95,195,345.0,122,222
0,27,0.0,0.0,136.0,0.0,197.0,95,195,341.0,122,222
0,28,0.0,0.0,128.0,-8.0,193.0,95,195,337.0,122,222
0,29,0.0,0.0,128.0,0.0,189.0,95,195,333.0,122,222
0,30,0.0,0.0,120.0,-8.0,185.0,95,195,329.0,122,222
0,31,0.0,0.0,120.0,0.0,181.0,95,195,325.0,122,222
0,32,0.0,0.0,112.0,-8.0,177.0,95,195,321.0,122,222
0,33,0.0,0.0,112.0,0.0,173.0,95,195,317.0,122,222
0,34,0.0,0.0,104.0,-8.0,169.0,95,195,313.0,122,222
0,35,0.0,0.0,104.0,0.0,165.0,95,195,309.0,122,222
0,36,0.0,0.0,96.0,-8.0,161.0,95,195,305.0,122,222
0,37,0.0,0.0,96.0,0.0,157.0,95,195,301.0,122,222
0,38,0.0,0.0,88.0,-8.0,153.0,95,195,297.0,122,222
0,39,0.0,0.0,88.0,0.0,149.0,95,195,293.0,122,222
0,40,0.0,0.0,80.0,-8.0,145.0,95,195,289.0,122,222
0,41,0.0,0.0,80.0,0.0,141.0,95,195,285.0,122,222
0,42,0.0,0.0,81.0,1.0,137.0,95,195,281.0,122,222
0,43,0.0,0.0,83.0,2.0,133.0,95,195,277.0,122,222
0,44,0.0,0.0,86.0,3.0,129.0,95,195,273.0,122,222
0,45,0.0,0.0,90.0,4.0,125.0,95,195,269.0,122,222
0,46,0.0,0.0,95.0,5.0,121.0,95,195,265.0,122,222
0,47,0.0,0.0,101.0,6.0,117.0,95,195,261.0,122,222
0,48,0.0,0.0,108.0,7.0,113.0,95,195,257.0,122,222
0,49,0.0,0.0,116.0,8.0,109.0,95,195,253.0,122,222
0,50,0.0,0.0,125.0,9.0,105.0,95,195,249.0,122,222
0,51,0.0,0.0,135.0,10.0,101.0,95,195,245.0,122,222
0,52,0.0,0.0,127.0,-8.0,97.0,95,195,241.0,122,222
0,53,0.0,0.0,127.0,0.0,93.0,95,195,237.0,122,222
0,54,0.0,0.0,128.0,1.0,89.0,95,195,233.0,122,222
0,55,0.0,0.0,130.0,2.0,85.0,95,195,229.0,122,222
0,56,0.0,0.0,133.0,3.0,81.0,95,195,225.0,122,222
0,57,0.0,0.0,137.0,4.0,77.0,95,195,221.0,122,222
0,58,0.0,0.0,142.0,5.0,73.0,95,195,217.0,122,222
0,59,0.0,0.0,148.0,6.0,69.0,95,195,213.0,122,222
0,60,0.0,0.0,140.0,-8.0,65.0,95,195,209.0,122,222
0,61,0.0,0.0,140.0,0.0,61.0,95,195,205.0,122,222
0,62,0.0,0.0,141.0,1.0,57.0,95,195,201.0,122,222
0,63,0.0,0.0,143.0,2.0,53.0,95,195,197.0,122,222
0,64,0.0,0.0,146.0,3.0,49.0,95,195,193.0,122,222
0,65,1.0,1.0,150.0,4.0,45.0,95,195,189.0,122,222
0,66,0.0,1.0,155.0,5.0,41.0,95,195,185.0,122,222
0,67,0.0,1.0,161.0,6.0,37.0,95,195,181.0,122,222
0,68,0.0,1.0,153.0,-8.0,33.0,95,195,177.0,122,222
0,69,0.0,1.0,153.0,0.0,29.0,95,195,173.0,122,222
0,70,0.0,1.0,154.0,1.0,25.0,95,195,169.0,122,222
0,71,0.0,1.0,156.0,2.0,21.0,95,195,165.0,122,222
0,72,0.0,1.0,159.0,3.0,17.0,95,195,161.0,122,222
0,73,0.0,1.0,163.0,4.0,13.0,95,195,157.0,122,222
0,74,0.0,1.0,168.0,5.0,9.0,95,195,153.0,122,222
0,75,0.0,1.0,160.0,-8.0,5.0,95,195,149.0,122,222
0,76,0.0,1.0,160.0,0.0,1.0,95,195,145.0,122,222
0,77,0.0,1.0,161.0,1.0,141.0,122,222,285.0,159,259
0,78,0.0,1.0,153.0,-8.0,137.0,122,222,281.0,159,259
0,79,0.0,1.0,153.0,0.0,133.0,122,222,277.0,159,259
0,80,0.0,1.0,145.0,-8.0,129.0,122,222,273.0,159,259
0,81,0.0,1.0,145.0,0.0,125.0,122,222,269.0,159,259
0,82,0.0,1.0,137.0,-8.0,121.0,122,222,265.0,159,259
0,83,0.0,1.0,137.0,0.0,117.0,122,222,261.0,159,259
0,84,0.0,1.0,129.0,-8.0,113.0,122,222,257.0,159,259
0,85,0.0,1.0,129.0,0.0,109.0,122,222,253.0,159,259
0,86,0.0,1.0,130.0,1.0,105.0,122,222,249.0,159,259
0,87,0.0,1.0,132.0,2.0,101.0,122,222,245.0,159,259
0,88,0.0,1.0,135.0,3.0,97.0,122,222,241.0,159,259
0,89,0.0,1.0,139.0,4.0,93.0,122,222,237.0,159,259
0,90,0.0,1.0,144.0,5.0,89.0,122,222,233.0,159,259
0,91,0.0,1.0,150.0,6.0,85.0,122,222,229.0,159,259
0,92,0.0,1.0,157.0,7.0,81.0,122,222,225.0,159,259
0,93,0.0,1.0,165.0,8.0,77.0,122,222,221.0,159,259
0,94,0.0,1.0,157.0,-8.0,73.0,122,222,217.0,159,259
0,95,0.0,1.0,157.0,0.0,69.0,122,222,213.0,159,259
0,96,0.0,1.0,158.0,1.0,65.0,122,222,209.0,159,259
0,97,0.0,1.0,160.0,2.0,61.0,122,222,205.0,159,259
0,98,0.0,1.0,163.0,3.0,57.0,122,222,201.0,159,259
0,99,0.0,1.0,167.0,4.0,53.0,122,222,197.0,159,259
0,100,0.0,1.0,172.0,5.0,49.0,122,222,193.0,159,259
0,101,1.0,2.0,178.0,6.0,45.0,122,222,189.0,159,259
0,102,0.0,2.0,170.0,-8.0,41.0,122,222,185.0,159,259
0,103,0.0,2.0,170.0,0.0,37.0,122,222,181.0,159,259
0,104,0.0,2.0,171.0,1.0,33.0,122,222,177.0,159,259
0,105,0.0,2.0,173.0,2.0,29.0,122,222,173.0,159,259
0,106,0.0,2.0,176.0,3.0,25.0,122,222,169.0,159,259
0,107,0.0,2.0,180.0,4.0,21.0,122,222,165.0,159,259
0,108,0.0,2.0,185.0,5.0,17.0,122,222,161.0,159,259
0,109,0.0,2.0,191.0,6.0,13.0,122,222,157.0,159,259
0,110,0.0,2.0,183.0,-8.0,9.0,122,222,153.0,159,259
0,111,0.0,2.0,183.0,0.0,5.0,122,222,149.0,159,259
0,112,0.0,2.0,184.0,1.0,1.0,122,222,145.0,159,259
0,113,0.0,2.0,186.0,2.0,141.0,159,259,306.6,71,171
0,114,0.0,2.0,178.0,-8.0,137.0,159,259,302.6,71,171
0,115,0.0,2.0,178.0,0.0,133.0,159,259,298.6,71,171
0,116,0.0,2.0,170.0,-8.0,129.0,159,259,294.6,71,171
0,117,0.0,2.0,170.0,0.0,125.0,159,259,290.6,71,171
0,118,0.0,2.0,162.0,-8.0,121.0,159,259,286.6,71,171
0,119,0.0,2.0,162.0,0.0,117.0,159,259,282.6,71,171
0,120,0.0,2.0,154.0,-8.0,113.0,159,259,278.6,71,171
0,121,0.0,2.0,154.0,0.0,109.0,159,259,274.6,71,171
0,122,0.0,2.0,155.0,1.0,105.0,159,259,270.6,71,171
0,123,0.0,2.0,157.0,2.0,101.0,159,259,266.6,71,171
0,124,0.0,2.0,160.0,3.0,97.0,159,259,262.6,71,171
0,125,0.0,2.0,164.0,4.0,93.0,159,259,258.6,71,171
0,126,0.0,2.0,169.0,5.0,89.0,159,259,254.60000000000002,71,171
0,127,0.0,2.0,175.0,6.0,85.0,159,259,250.60000000000002,71,171
0,128,0.0,2.0,182.0,7.0,81.0,159,259,246.60000000000002,71,171
0,129,0.0,2.0,190.0,8.0,77.0,159,259,242.60000000000002,71,171
0,130,0.0,2.0,182.0,-8.0,73.0,159,259,238.60000000000002,71,171
0,131,0.0,2.0,182.0,0.0,69.0,159,259,234.60000000000002,71,171
0,132,0.0,2.0,183.0,1.0,65.0,159,259,230.60000000000002,71,171
0,133,0.0,2.0,185.0,2.0,61.0,159,259,226.60000000000002,71,171
0,134,0.0,2.0,188.0,3.0,57.0,159,259,222.60000000000002,71,171
0,135,0.0,2.0,192.0,4.0,53.0,159,259,218.60000000000002,71,171
0,136,0.0,2.0,197.0,5.0,49.0,159,259,214.60000000000002,71,171
0,137,1.0,3.0,203.0,6.0,45.0,159,259,210.60000000000002,71,171
0,138,0.0,3.0,210.0,7.0,41.0,159,259,206.60000000000002,71,171
0,139,0.0,3.0,202.0,-8.0,37.0,159,259,202.60000000000002,71,171
0,140,0.0,3.0,202.0,0.0,33.0,159,259,198.60000000000002,71,171
0,141,0.0,3.0,203.0,1.0,29.0,159,259,194.60000000000002,71,171
0,142,0.0,3.0,205.0,2.0,25.0,159,259,190.60000000000002,71,171
0,143,0.0,3.0,208.0,3.0,21.0,159,259,186.60000000000002,71,171
0,144,0.0,3.0,212.0,4.0,17.0,159,259,182.60000000000002,71,171
0,145,0.0,3.0,217.0,5.0,13.0,159,259,178.60000000000002,71,171
0,146,0.0,3.0,209.0,-8.0,9.0,159,259,174.60000000000002,71,171
0,147,0.0,3.0,209.0,0.0,5.0,159,259,170.60000000000002,71,171
0,148,0.0,3.0,210.0,1.0,1.0,159,259,166.60000000000002,71,171
0,149,0.0,3.0,212.0,2.0,162.60000000000002,71,171,306.6,90,190
0,150,0.0,3.0,204.0,-8.0,158.60000000000002,71,171,302.6,90,190
0,151,0.0,3.0,204.0,0.0,154.60000000000002,71,171,298.6,90,190
0,152,0.0,3.0,196.0,-8.0,150.60000000000002,71,171,294.6,90,190
0,153,0.0,3.0,196.0,0.0,146.60000000000002,71,171,290.6,90,190
0,154,0.0,3.0,188.0,-8.0,142.60000000000002,71,171,286.6,90,190
0,155,0.0,3.0,188.0,0.0,138.60000000000002,71,171,282.6,90,190
0,156,0.0,3.0,180.0,-8.0,134.60000000000002,71,171,278.6,90,190
0,157,0.0,3.0,180.0,0.0,130.60000000000002,71,171,274.6,90,190
0,158,0.0,3.0,172.0,-8.0,126.60000000000002,71,171,270.6,90,190
0,159,0.0,3.0,172.0,0.0,122.60000000000002,71,171,266.6,90,190
0,160,0.0,3.0,164.0,-8.0,118.60000000000002,71,171,262.6,90,190
0,161,0.0,3.0,164.0,0.0,114.60000000000002,71,171,258.6,90,190
0,162,0.0,3.0,156.0,-8.0,110.60000000000002,71,171,254.60000000000002,90,190
0,163,0.0,3.0,156.0,0.0,106.60000000000002,71,171,250.60000000000002,90,190
0,164,0.0,3.0,148.0,-8.0,102.60000000000002,71,171,246.60000000000002,90,190
0,165,0.0,3.0,148.0,0.0,98.60000000000002,71,171,242.60000000000002,90,190
0,166,0.0,3.0,140.0,-8.0,94.60000000000002,71,171,238.60000000000002,90,190
0,167,0.0,3.0,140.0,0.0,90.60000000000002,71,171,234.60000000000002,90,190
0,168,0.0,3.0,132.0,-8.0,86.60000000000002,71,171,230.60000000000002,90,190
0,169,0.0,3.0,132.0,0.0,82.60000000000002,71,171,226.60000000000002,90,190
0,170,0.0,3.0,133.0,1.0,78.60000000000002,71,171,222.60000000000002,90,190
0,171,0.0,3.0,135.0,2.0,74.60000000000002,71,171,218.60000000000002,90,190
0,172,0.0,3.0,138.0,3.0,70.60000000000002,71,171,214.60000000000002,90,190
0,173,0.0,3.0,142.0,4.0,66.60000000000002,71,171,210.60000000000002,90,190
0,174,0.0,3.0,134.0,-8.0,62.60000000000002,71,171,206.60000000000002,90,190
0,175,0.0,3.0,134.0,0.0,58.60000000000002,71,171,202.60000000000002,90,190
0,176,0.0,3.0,135.0,1.0,54.60000000000002,71,171,198.60000000000002,90,190
0,177,0.0,3.0,137.0,2.0,50.60000000000002,71,171,194.60000000000002,90,190
0,178,1.0,4.0,140.0,3.0,46.60000000000002,71,171,190.60000000000002,90,190
0,179,0.0,4.0,144.0,4.0,42.60000000000002,71,171,186.60000000000002,90,190
0,180,0.0,4.0,136.0,-8.0,38.60000000000002,71,171,182.60000000000002,90,190
0,181,0.0,4.0,136.0,0.0,34.60000000000002,71,171,178.60000000000002,90,190
0,182,0.0,4.0,137.0,1.0,30.600000000000023,71,171,174.60000000000002,90,190
0,183,0.0,4.0,139.0,2.0,26.600000000000023,71,171,170.60000000000002,90,190
0,184,0.0,4.0,142.0,3.0,22.600000000000023,71,171,166.60000000000002,90,190
0,185,0.0,4.0,134.0,-8.0,18.600000000000023,71,171,162.60000000000002,90,190
0,186,0.0,4.0,134.0,0.0,14.600000000000023,71,171,158.60000000000002,90,190
0,187,0.0,4.0,135.0,1.0,10.600000000000023,71,171,154.60000000000002,90,190
0,188,0.0,4.0,137.0,2.0,6.600000000000023,71,171,150.60000000000002,90,190
0,189,0.0,4.0,140.0,3.0,2.6000000000000227,71,171,146.60000000000002,90,190
0,190,0.0,4.0,144.0,4.0,142.60000000000002,90,190,286.6,143,243
0,191,0.0,4.0,136.0,-8.0,138.60000000000002,90,190,282.6,143,243
0,192,0.0,4.0,136.0,0.0,134.60000000000002,90,190,278.6,143,243
0,193,0.0,4.0,128.0,-8.0,130.60000000000002,90,190,274.6,143,243
0,194,0.0,4.0,128.0,0.0,126.60000000000002,90,190,270.6,143,243
0,195,0.0,4.0,120.0,-8.0,122.60000000000002,90,190,266.6,143,243
0,196,0.0,4.0,120.0,0.0,118.60000000000002,90,190,262.6,143,243
0,197,0.0,4.0,112.0,-8.0,114.60000000000002,90,190,258.6,143,243
0,198,0.0,4.0,112.0,0.0,110.60000000000002,90,190,254.60000000000002,143,243
0,199,0.0,4.0,104.0,-8.0,106.60000000000002,90,190,250.60000000000002,143,243
0,200,0.0,4.0,104.0,0.0,102.60000000000002,90,190,246.60000000000002,143,243
0,201,0.0,4.0,96.0,-8.0,98.60000000000002,90,190,242.60000000000002,143,243
0,202,0.0,4.0,96.0,0.0,94.60000000000002,90,190,238.60000000000002,143,243
0,203,0.0,4.0,97.0,1.0,90.60000000000002,90,190,234.60000000000002,143,243
0,204,0.0,4.0,99.0,2.0,86.60000000000002,90,190,230.60000000000002,143,243
0,205,0.0,4.0,102.0,3.0,82.60000000000002,90,190,226.60000000000002,143,243
0,206,0.0,4.0,106.0,4.0,78.60000000000002,90,190,222.60000000000002,143,243
0,207,0.0,4.0,111.0,5.0,74.60000000000002,90,190,218.60000000000002,143,243
0,208,0.0,4.0,117.0,6.0,70.60000000000002,90,190,214.60000000000002,143,243
0,209,0.0,4.0,124.0,7.0,66.60000000000002,90,190,210.60000000000002,143,243
0,210,0.0,4.0,132.0,8.0,62.60000000000002,90,190,206.60000000000002,143,243
0,211,0.0,4.0,141.0,9.0,58.60000000000002,90,190,202.60000000000002,143,243
0,212,0.0,4.0,133.0,-8.0,54.60000000000002,90,190,198.60000000000002,143,243
0,213,0.0,4.0,133.0,0.0,50.60000000000002,90,190,194.60000000000002,143,243
0,214,1.0,5.0,134.0,1.0,46.60000000000002,90,190,190.60000000000002,143,243
0,215,0.0,5.0,136.0,2.0,42.60000000000002,90,190,186.60000000000002,143,243
0,216,0.0,5.0,139.0,3.0,38.60000000000002,90,190,182.60000000000002,143,243
0,217,0.0,5.0,143.0,4.0,34.60000000000002,90,190,178.60000000000002,143,243
0,218,0.0,5.0,148.0,5.0,30.600000000000023,90,190,174.60000000000002,143,243
0,219,0.0,5.0,154.0,6.0,26.600000000000023,90,190,170.60000000000002,143,243
0,220,0.0,5.0,146.0,-8.0,22.600000000000023,90,190,166.60000000000002,143,243
0,221,0.0,5.0,146.0,0.0,18.600000000000023,90,190,162.60000000000002,143,243
0,222,0.0,5.0,147.0,1.0,14.600000000000023,90,190,158.60000000000002,143,243
0,223,0.0,5.0,149.0,2.0,10.600000000000023,90,190,154.60000000000002,143,243
0,224,0.0,5.0,152.0,3.0,6.600000000000023,90,190,150.60000000000002,143,243
0,225,0.0,5.0,156.0,4.0,2.6000000000000227,90,190,146.60000000000002,143,243
0,226,0.0,5.0,161.0,5.0,142.60000000000002,143,243,306.6,99,199
0,227,0.0,5.0,167.0,6.0,138.60000000000002,143,243,302.6,99,199
0,228,0.0,5.0,174.0,7.0,134.60000000000002,143,243,298.6,99,199
0,229,0.0,5.0,166.0,-8.0,130.60000000000002,143,243,294.6,99,199
0,230,0.0,5.0,166.0,0.0,126.60000000000002,143,243,290.6,99,199
0,231,0.0,5.0,158.0,-8.0,122.60000000000002,143,243,286.6,99,199
0,232,0.0,5.0,158.0,0.0,118.60000000000002,143,243,282.6,99,199
0,233,0.0,5.0,150.0,-8.0,114.60000000000002,143,243,278.6,99,199
0,234,0.0,5.0,150.0,0.0,110.60000000000002,143,243,274.6,99,199
0,235,0.0,5.0,151.0,1.0,106.60000000000002,143,243,270.6,99,199
0,236,0.0,5.0,153.0,2.0,102.60000000000002,143,243,266.6,99,199
0,237,0.0,5.0,156.0,3.0,98.60000000000002,143,243,262.6,99,199
0,238,0.0,5.0,160.0,4.0,94.60000000000002,143,243,258.6,99,199
0,239,0.0,5.0,165.0,5.0,90.60000000000002,143,243,254.60000000000002,99,199
0,240,0.0,5.0,171.0,6.0,86.60000000000002,143,243,250.60000000000002,99,199
0,241,0.0,5.0,178.0,7.0,82.60000000000002,143,243,246.60000000000002,99,199
0,242,0.0,5.0,186.0,8.0,78.60000000000002,143,243,242.60000000000002,99,199
0,243,0.0,5.0,178.0,-8.0,74.60000000000002,143,243,238.60000000000002,99,199
0,244,0.0,5.0,178.0,0.0,70.60000000000002,143,243,234.60000000000002,99,199
0,245,0.0,5.0,179.0,1.0,66.60000000000002,143,243,230.60000000000002,99,199
0,246,0.0,5.0,181.0,2.0,62.60000000000002,143,243,226.60000000000002,99,199
0,247,0.0,5.0,184.0,3.0,58.60000000000002,143,243,222.60000000000002,99,199
0,248,0.0,5.0,188.0,4.0,54.60000000000002,143,243,218.60000000000002,99,199
0,249,0.0,5.0,193.0,5.0,50.60000000000002,143,243,214.60000000000002,99,199
0,250,1.0,6.0,199.0,6.0,46.60000000000002,143,243,210.60000000000002,99,199
0,251,0.0,6.0,191.0,-8.0,42.60000000000002,143,243,206.60000000000002,99,199
0,252,0.0,6.0,191.0,0.0,38.60000000000002,143,243,202.60000000000002,99,199
0,253,0.0,6.0,192.0,1.0,34.60000000000002,143,243,198.60000000000002,99,199
0,254,0.0,6.0,194.0,2.0,30.600000000000023,143,243,194.60000000000002,99,199
0,255,0.0,6.0,197.0,3.0,26.600000000000023,143,243,190.60000000000002,99,199
0,256,0.0,6.0,201.0,4.0,22.600000000000023,143,243,186.60000000000002,99,199
0,257,0.0,6.0,206.0,5.0,18.600000000000023,143,243,182.60000000000002,99,199
0,258,0.0,6.0,198.0,-8.0,14.600000000000023,143,243,178.60000000000002,99,199
0,259,0.0,6.0,198.0,0.0,10.600000000000023,143,243,174.60000000000002,99,199
0,260,0.0,6.0,199.0,1.0,6.600000000000023,143,243,170.60000000000002,99,199
0,261,0.0,6.0,201.0,2.0,2.6000000000000227,143,243,166.60000000000002,99,199
0,262,0.0,6.0,204.0,3.0,162.60000000000002,99,199,306.6,188,288
0,263,0.0,6.0,196.0,-8.0,158.60000000000002,99,199,302.6,188,288
0,264,0.0,6.0,196.0,0.0,154.60000000000002,99,199,298.6,188,288
0,265,0.0,6.0,188.0,-8.0,150.60000000000002,99,199,294.6,188,288
0,266,0.0,6.0,188.0,0.0,146.60000000000002,99,199,290.6,188,288
0,267,0.0,6.0,180.0,-8.0,142.60000000000002,99,199,286.6,188,288
0,268,0.0,6.0,180.0,0.0,138.60000000000002,99,199,282.6,188,288
0,269,0.0,6.0,172.0,-8.0,134.60000000000002,99,199,278.6,188,288
0,270,0.0,6.0,172.0,0.0,130.60000000000002,99,199,274.6,188,288
0,271,0.0,6.0,164.0,-8.0,126.60000000000002,99,199,270.6,188,288
0,272,0.0,6.0,164.0,0.0,122.60000000000002,99,199,266.6,188,288
0,273,0.0,6.0,156.0,-8.0,118.60000000000002,99,199,262.6,188,288
0,274,0.0,6.0,156.0,0.0,114.60000000000002,99,199,258.6,188,288
0,275,0.0,6.0,148.0,-8.0,110.60000000000002,99,199,254.60000000000002,188,288
0,276,0.0,6.0,148.0,0.0,106.60000000000002,99,199,250.60000000000002,188,288
0,277,0.0,6.0,140.0,-8.0,102.60000000000002,99,199,246.60000000000002,188,288
0,278,0.0,6.0,140.0,0.0,98.60000000000002,99,199,242.60000000000002,188,288
0,279,0.0,6.0,141.0,1.0,94.60000000000002,99,199,238.60000000000002,188,288
0,280,0.0,6.0,143.0,2.0,90.60000000000002,99,199,234.60000000000002,188,288
0,281,0.0,6.0,146.0,3.0,86.60000000000002,99,199,230.60000000000002,188,288
0,282,0.0,6.0,150.0,4.0,82.60000000000002,99,199,226.60000000000002,188,288
0,283,0.0,6.0,155.0,5.0,78.60000000000002,99,199,222.60000000000002,188,288
0,284,0.0,6.0,147.0,-8.0,74.60000000000002,99,199,218.60000000000002,188,288
0,285,0.0,6.0,147.0,0.0,70.60000000000002,99,199,214.60000000000002,188,288
0,286,0.0,6.0,148.0,1.0,66.60000000000002,99,199,210.60000000000002,188,288
0,287,0.0,6.0,150.0,2.0,62.60000000000002,99,199,206.60000000000002,188,288
0,288,0.0,6.0,153.0,3.0,58.60000000000002,99,199,202.60000000000002,188,288
0,289,0.0,6.0,157.0,4.0,54.60000000000002,99,199,198.60000000000002,188,288
0,290,0.0,6.0,162.0,5.0,50.60000000000002,99,199,194.60000000000002,188,288
0,291,1.0,7.0,154.0,-8.0,46.60000000000002,99,199,190.60000000000002,188,288
0,292,0.0,7.0,154.0,0.0,42.60000000000002,99,199,186.60000000000002,188,288
0,293,0.0,7.0,155.0,1.0,38.60000000000002,99,199,182.60000000000002,188,288
0,294,0.0,7.0,157.0,2.0,34.60000000000002,99,199,178.60000000000002,188,288
0,295,0.0,7.0,160.0,3.0,30.600000000000023,99,199,174.60000000000002,188,288
0,296,0.0,7.0,164.0,4.0,26.600000000000023,99,199,170.60000000000002,188,288
0,297,0.0,7.0,169.0,5.0,22.600000000000023,99,199,166.60000000000002,188,288
0,298,0.0,7.0,175.0,6.0,18.600000000000023,99,199,162.60000000000002,188,288
0,299,0.0,7.0,167.0,-8.0,14.600000000000023,99,199,158.60000000000002,188,288
0,300,0.0,7.0,167.0,0.0,10.600000000000023,99,199,154.60000000000002,188,288
0,301,0.0,7.0,168.0,1.0,6.600000000000023,99,199,150.60000000000002,188,288
0,302,0.0,7.0,170.0,2.0,2.6000000000000227,99,199,146.60000000000002,188,288
0,303,0.0,7.0,162.0,-8.0,142.60000000000002,188,288,286.6,52,152
0,304,0.0,7.0,162.0,0.0,138.60000000000002,188,288,282.6,52,152
0,305,0.0,7.0,163.0,1.0,134.60000000000002,188,288,278.6,52,152
0,306,0.0,7.0,165.0,2.0,130.60000000000002,188,288,274.6,52,152
0,307,0.0,7.0,168.0,3.0,126.60000000000002,188,288,270.6,52,152
0,308,0.0,7.0,172.0,4.0,122.60000000000002,188,288,266.6,52,152
0,309,0.0,7.0,177.0,5.0,118.60000000000002,188,288,262.6,52,152
0,310,0.0,7.0,183.0,6.0,114.60000000000002,188,288,258.6,52,152
0,311,0.0,7.0,190.0,7.0,110.60000000000002,188,288,254.60000000000002,52,152
0,312,0.0,7.0,198.0,8.0,106.60000000000002,188,288,250.60000000000002,52,152
0,313,0.0,7.0,207.0,9.0,102.60000000000002,188,288,246.60000000000002,52,152
0,314,0.0,7.0,217.0,10.0,98.60000000000002,188,288,242.60000000000002,52,152
0,315,0.0,7.0,227.0,10.0,94.60000000000002,188,288,238.60000000000002,52,152
0,316,0.0,7.0,219.0,-8.0,90.60000000000002,188,288,234.60000000000002,52,152
0,317,0.0,7.0,219.0,0.0,86.60000000000002,188,288,230.60000000000002,52,152
0,318,0.0,7.0,211.0,-8.0,82.60000000000002,188,288,226.60000000000002,52,152
0,319,0.0,7.0,211.0,0.0,78.60000000000002,188,288,222.60000000000002,52,152
0,320,0.0,7.0,212.0,1.0,74.60000000000002,188,288,218.60000000000002,52,152
0,321,0.0,7.0,214.0,2.0,70.60000000000002,188,288,214.60000000000002,52,152
0,322,0.0,7.0,217.0,3.0,66.60000000000002,188,288,210.60000000000002,52,152
0,323,0.0,7.0,221.0,4.0,62.60000000000002,188,288,206.60000000000002,52,152
0,324,0.0,7.0,226.0,5.0,58.60000000000002,188,288,202.60000000000002,52,152
0,325,0.0,7.0,218.0,-8.0,54.60000000000002,188,288,198.60000000000002,52,152
0,326,0.0,7.0,218.0,0.0,50.60000000000002,188,288,194.60000000000002,52,152
0,327,1.0,8.0,219.0,1.0,46.60000000000002,188,288,190.60000000000002,52,152
0,328,0.0,8.0,221.0,2.0,42.60000000000002,188,288,186.60000000000002,52,152
0,329,0.0,8.0,224.0,3.0,38.60000000000002,188,288,182.60000000000002,52,152
0,330,0.0,8.0,228.0,4.0,34.60000000000002,188,288,178.60000000000002,52,152
0,331,0.0,8.0,233.0,5.0,30.600000000000023,188,288,174.60000000000002,52,152
0,332,0.0,8.0,239.0,6.0,26.600000000000023,188,288,170.60000000000002,52,152
0,333,0.0,8.0,231.0,-8.0,22.600000000000023,188,288,166.60000000000002,52,152
0,334,0.0,8.0,231.0,0.0,18.600000000000023,188,288,162.60000000000002,52,152
0,335,0.0,8.0,232.0,1.0,14.600000000000023,188,288,158.60000000000002,52,152
0,336,0.0,8.0,234.0,2.0,10.600000000000023,188,288,154.60000000000002,52,152
0,337,0.0,8.0,237.0,3.0,6.600000000000023,188,288,150.60000000000002,52,152
0,338,0.0,8.0,241.0,4.0,2.6000000000000227,188,288,146.60000000000002,52,152
0,339,0.0,8.0,233.0,-8.0,142.60000000000002,52,152,306.6,58,158
0,340,0.0,8.0,233.0,0.0,138.60000000000002,52,152,302.6,58,158
0,341,0.0,8.0,225.0,-8.0,134.60000000000002,52,152,298.6,58,158
0,342,0.0,8.0,225.0,0.0,130.60000000000002,52,152,294.6,58,158
0,343,0.0,8.0,217.0,-8.0,126.60000000000002,52,152,290.6,58,158
0,344,0.0,8.0,217.0,0.0,122.60000000000002,52,152,286.6,58,158
0,345,0.0,8.0,209.0,-8.0,118.60000000000002,52,152,282.6,58,158
0,346,0.0,8.0,209.0,0.0,114.60000000000002,52,152,278.6,58,158
0,347,0.0,8.0,201.0,-8.0,110.60000000000002,52,152,274.6,58,158
0,348,0.0,8.0,201.0,0.0,106.60000000000002,52,152,270.6,58,158
0,349,0.0,8.0,193.0,-8.0,102.60000000000002,52,152,266.6,58,158
0,350,0.0,8.0,193.0,0.0,98.60000000000002,52,152,262.6,58,158
0,351,0.0,8.0,185.0,-8.0,94.60000000000002,52,152,258.6,58,158
0,352,0.0,8.0,185.0,0.0,90.60000000000002,52,152,254.60000000000002,58,158
0,353,0.0,8.0,177.0,-8.0,86.60000000000002,52,152,250.60000000000002,58,158
0,354,0.0,8.0,177.0,0.0,82.60000000000002,52,152,246.60000000000002,58,158
0,355,0.0,8.0,169.0,-8.0,78.60000000000002,52,152,242.60000000000002,58,158
0,356,0.0,8.0,169.0,0.0,74.60000000000002,52,152,238.60000000000002,58,158
0,357,0.0,8.0,161.0,-8.0,70.60000000000002,52,152,234.60000000000002,58,158
0,358,0.0,8.0,161.0,0.0,66.60000000000002,52,152,230.60000000000002,58,158
0,359,-5.0,3.0,153.0,-8.0,62.60000000000002,52,152,226.60000000000002,58,158
0,0,0.0,0.0,240.0,-16.0,305.0,35,135,449.0,66,166
0,1,0.0,0.0,224.0,-16.0,301.0,35,135,445.0,66,166
0,2,0.0,0.0,209.0,-15.0,297.0,35,135,441.0,66,166
0,3,0.0,0.0,195.0,-14.0,293.0,35,135,437.0,66,166
0,4,0.0,0.0,182.0,-13.0,289.0,35,135,433.0,66,166
0,5,0.0,0.0,174.0,-8.0,285.0,35,135,429.0,66,166
0,6,0.0,0.0,166.0,-8.0,281.0,35,135,425.0,66,166
0,7,0.0,0.0,159.0,-7.0,277.0,35,135,421.0,66,166
0,8,0.0,0.0,151.0,-8.0,273.0,35,135,417.0,66,166
0,9,0.0,0.0,151.0,0.0,269.0,35,135,413.0,66,166
0,10,0.0,0.0,143.0,-8.0,265.0,35,135,409.0,66,166
0,11,0.0,0.0,143.0,0.0,261.0,35,135,405.0,66,166
0,12,0.0,0.0,135.0,-8.0,257.0,35,135,401.0,66,166
0,13,0.0,0.0,135.0,0.0,253.0,35,135,397.0,66,166
0,14,0.0,0.0,127.0,-8.0,249.0,35,135,393.0,66,166
0,15,0.0,0.0,127.0,0.0,245.0,35,135,389.0,66,166
0,16,0.0,0.0,119.0,-8.0,241.0,35,135,385.0,66,166
0,17,0.0,0.0,119.0,0.0,237.0,35,135,381.0,66,166
0,18,0.0,0.0,111.0,-8.0,233.0,35,135,377.0,66,166
0,19,0.0,0.0,111.0,0.0,229.0,35,135,373.0,66,166
0,20,0.0,0.0,103.0,-8.0,225.0,35,135,369.0,66,166
0,21,0.0,0.0,103.0,0.0,221.0,35,135,365.0,66,166
0,22,0.0,0.0,95.0,-8.0,217.0,35,135,361.0,66,166
0,23,0.0,0.0,95.0,0.0,213.0,35,135,357.0,66,166
0,24,0.0,0.0,87.0,-8.0,209.0,35,135,353.0,66,166
0,25,0.0,0.0,87.0,0.0,205.0,35,135,349.0,66,166
0,26,0.0,0.0,79.0,-8.0,201.0,35,135,345.0,66,166
0,27,0.0,0.0,79.0,0.0,197.0,35,135,341.0,66,166
0,28,0.0,0.0,71.0,-8.0,193.0,35,135,337.0,66,166
0,29,0.0,0.0,71.0,0.0,189.0,35,135,333.0,66,166
0,30,0.0,0.0,63.0,-8.0,185.0,35,135,329.0,66,166
0,31,0.0,0.0,63.0,0.0,181.0,35,135,325.0,66,166
0,32,0.0,0.0,55.0,-8.0,177.0,35,135,321.0,66,166
0,33,0.0,0.0,55.0,0.0,173.0,35,135,317.0,66,166
0,34,0.0,0.0,47.0,-8.0,169.0,35,135,313.0,66,166
0,35,0.0,0.0,47.0,0.0,165.0,35,135,309.0,66,166
0,36,0.0,0.0,39.0,-8.0,161.0,35,135,305.0,66,166
0,37,0.0,0.0,39.0,0.0,157.0,35,135,301.0,66,166
0,38,0.0,0.0,31.0,-8.0,153.0,35,135,297.0,66,166
0,39,0.0,0.0,31.0,0.0,149.0,35,135,293.0,66,166
0,40,0.0,0.0,23.0,-8.0,145.0,35,135,289.0,66,166
0,41,0.0,0.0,23.0,0.0,141.0,35,135,285.0,66,166
0,42,0.0,0.0,24.0,1.0,137.0,35,135,281.0,66,166
0,43,0.0,0.0,26.0,2.0,133.0,35,135,277.0,66,166
0,44,0.0,0.0,18.0,-8.0,129.0,35,135,273.0,66,166
0,45,0.0,0.0,18.0,0.0,125.0,35,135,269.0,66,166
0,46,0.0,0.0,19.0,1.0,121.0,35,135,265.0,66,166
0,47,0.0,0.0,21.0,2.0,117.0,35,135,261.0,66,166
0,48,0.0,0.0,24.0,3.0,113.0,35,135,257.0,66,166
0,49,0.0,0.0,28.0,4.0,109.0,35,135,253.0,66,166
0,50,0.0,0.0,33.0,5.0,105.0,35,135,249.0,66,166
0,51,0.0,0.0,39.0,6.0,101.0,35,135,245.0,66,166
0,52,0.0,0.0,46.0,7.0,97.0,35,135,241.0,66,166
0,53,0.0,0.0,54.0,8.0,93.0,35,135,237.0,66,166
0,54,0.0,0.0,63.0,9.0,89.0,35,135,233.0,66,166
0,55,0.0,0.0,73.0,10.0,85.0,35,135,229.0,66,166
0,56,0.0,0.0,65.0,-8.0,81.0,35,135,225.0,66,166
0,57,0.0,0.0,65.0,0.0,77.0,35,135,221.0,66,166
0,58,0.0,0.0,66.0,1.0,73.0,35,135,217.0,66,166
0,59,0.0,0.0,68.0,2.0,69.0,35,135,213.0,66,166
0,60,0.0,0.0,71.0,3.0,65.0,35,135,209.0,66,166
0,61,0.0,0.0,75.0,4.0,61.0,35,135,205.0,66,166
0,62,0.0,0.0,80.0,5.0,57.0,35,135,201.0,66,166
0,63,0.0,0.0,86.0,6.0,53.0,35,135,197.0,66,166
0,64,0.0,0.0,93.0,7.0,49.0,35,135,193.0,66,166
0,65,1.0,1.0,101.0,8.0,45.0,35,135,189.0,66,166
0,66,0.0,1.0,93.0,-8.0,41.0,35,135,185.0,66,166
0,67,0.0,1.0,85.0,-8.0,37.0,35,135,181.0,66,166
0,68,0.0,1.0,77.0,-8.0,33.0,35,135,177.0,66,166
0,69,0.0,1.0,77.0,0.0,29.0,35,135,173.0,66,166
0,70,0.0,1.0,78.0,1.0,25.0,35,135,169.0,66,166
0,71,0.0,1.0,80.0,2.0,21.0,35,135,165.0,66,166
0,72,0.0,1.0,83.0,3.0,17.0,35,135,161.0,66,166
0,73,0.0,1.0,87.0,4.0,13.0,35,135,157.0,66,166
0,74,0.0,1.0,92.0,5.0,9.0,35,135,153.0,66,166
0,75,0.0,1.0,98.0,6.0,5.0,35,135,149.0,66,166
0,76,0.0,1.0,90.0,-8.0,1.0,35,135,145.0,66,166
0,77,0.0,1.0,90.0,0.0,141.0,66,166,285.0,81,181
0,78,0.0,1.0,82.0,-8.0,137.0,66,166,281.0,81,181
0,79,0.0,1.0,82.0,0.0,133.0,66,166,277.0,81,181
0,80,0.0,1.0,74.0,-8.0,129.0,66,166,273.0,81,181
0,81,0.0,1.0,74.0,0.0,125.0,66,166,269.0,81,181
0,82,0.0,1.0,66.0,-8.0,121.0,66,166,265.0,81,181
0,83,0.0,1.0,66.0,0.0,117.0,66,166,261.0,81,181
0,84,0.0,1.0,58.0,-8.0,113.0,66,166,257.0,81,181
0,85,0.0,1.0,58.0,0.0,109.0,66,166,253.0,81,181
0,86,0.0,1.0,59.0,1.0,105.0,66,166,249.0,81,181
0,87,0.0,1.0,61.0,2.0,101.0,66,166,245.0,81,181
0,88,0.0,1.0,64.0,3.0,97.0,66,166,241.0,81,181
0,89,0.0,1.0,68.0,4.0,93.0,66,166,237.0,81,181
0,90,0.0,1.0,73.0,5.0,89.0,66,166,233.0,81,181
0,91,0.0,1.0,79.0,6.0,85.0,66,166,229.0,81,181
0,92,0.0,1.0,86.0,7.0,81.0,66,166,225.0,81,181
0,93,0.0,1.0,94.0,8.0,77.0,66,166,221.0,81,181
0,94,0.0,1.0,103.0,9.0,73.0,66,166,217.0,81,181
0,95,0.0,1.0,95.0,-8.0,69.0,66,166,213.0,81,181
0,96,0.0,1.0,95.0,0.0,65.0,66,166,209.0,81,181
0,97,0.0,1.0,96.0,1.0,61.0,66,166,205.0,81,181
0,98,0.0,1.0,98.0,2.0,57.0,66,166,201.0,81,181
0,99,0.0,1.0,101.0,3.0,53.0,66,166,197.0,81,181
0,100,0.0,1.0,105.0,4.0,49.0,66,166,193.0,81,181
0,101,1.0,2.0,110.0,5.0,45.0,66,166,189.0,81,181
0,102,0.0,2.0,116.0,6.0,41.0,66,166,185.0,81,181
0,103,0.0,2.0,123.0,7.0,37.0,66,166,181.0,81,181
0,104,0.0,2.0,115.0,-8.0,33.0,66,166,177.0,81,181
0,105,0.0,2.0,115.0,0.0,29.0,66,166,173.0,81,181
0,106,0.0,2.0,116.0,1.0,25.0,66,166,169.0,81,181
0,107,0.0,2.0,118.0,2.0,21.0,66,166,165.0,81,181
0,108,0.0,2.0,121.0,3.0,17.0,66,166,161.0,81,181
0,109,0.0,2.0,125.0,4.0,13.0,66,166,157.0,81,181
0,110,0.0,2.0,130.0,5.0,9.0,66,166,153.0,81,181
0,111,0.0,2.0,122.0,-8.0,5.0,66,166,149.0,81,181
0,112,0.0,2.0,122.0,0.0,1.0,66,166,145.0,81,181
0,113,0.0,2.0,123.0,1.0,141.0,81,181,306.6,32,132
0,114,0.0,2.0,115.0,-8.0,137.0,81,181,302.6,32,132
0,115,0.0,2.0,115.0,0.0,133.0,81,181,298.6,32,132
0,116,0.0,2.0,107.0,-8.0,129.0,81,181,294.6,32,132
0,117,0.0,2.0,107.0,0.0,125.0,81,181,290.6,32,132
0,118,0.0,2.0,99.0,-8.0,121.0,81,181,286.6,32,132
0,119,0.0,2.0,99.0,0.0,117.0,81,181,282.6,32,132
0,120,0.0,2.0,91.0,-8.0,113.0,81,181,278.6,32,132
0,121,0.0,2.0,91.0,0.0,109.0,81,181,274.6,32,132
0,122,0.0,2.0,92.0,1.0,105.0,81,181,270.6,32,132
0,123,0.0,2.0,84.0,-8.0,101.0,81,181,266.6,32,132
0,124,0.0,2.0,84.0,0.0,97.0,81,181,262.6,32,132
0,125,0.0,2.0,85.0,1.0,93.0,81,181,258.6,32,132
0,126,0.0,2.0,87.0,2.0,89.0,81,181,254.60000000000002,32,132
0,127,0.0,2.0,90.0,3.0,85.0,81,181,250.60000000000002,32,132
0,128,0.0,2.0,94.0,4.0,81.0,81,181,246.60000000000002,32,132
0,129,0.0,2.0,99.0,5.0,77.0,81,181,242.60000000000002,32,132
0,130,0.0,2.0,105.0,6.0,73.0,81,181,238.60000000000002,32,132
0,131,0.0,2.0,112.0,7.0,69.0,81,181,234.60000000000002,32,132
0,132,0.0,2.0,120.0,8.0,65.0,81,181,230.60000000000002,32,132
0,133,0.0,2.0,129.0,9.0,61.0,81,181,226.60000000000002,32,132
0,134,0.0,2.0,139.0,10.0,57.0,81,181,222.60000000000002,32,132
0,135,0.0,2.0,131.0,-8.0,53.0,81,181,218.60000000000002,32,132
0,136,0.0,2.0,131.0,0.0,49.0,81,181,214.60000000000002,32,132
0,137,1.0,3.0,132.0,1.0,45.0,81,181,210.60000000000002,32,132
0,138,0.0,3.0,134.0,2.0,41.0,81,181,206.60000000000002,32,132
0,139,0.0,3.0,137.0,3.0,37.0,81,181,202.60000000000002,32,132
0,140,0.0,3.0,141.0,4.0,33.0,81,181,198.60000000000002,32,132
0,141,0.0,3.0,146.0,5.0,29.0,81,181,194.60000000000002,32,132
0,142,0.0,3.0,152.0,6.0,25.0,81,181,190.60000000000002,32,132
0,143,0.0,3.0,144.0,-8.0,21.0,81,181,186.60000000000002,32,132
0,144,0.0,3.0,144.0,0.0,17.0,81,181,182.60000000000002,32,132
0,145,0.0,3.0,145.0,1.0,13.0,81,181,178.60000000000002,32,132
0,146,0.0,3.0,147.0,2.0,9.0,81,181,174.60000000000002,32,132
0,147,0.0,3.0,150.0,3.0,5.0,81,181,170.60000000000002,32,132
0,148,0.0,3.0,154.0,4.0,1.0,81,181,166.60000000000002,32,132
0,149,0.0,3.0,146.0,-8.0,162.60000000000002,32,132,306.6,158,258
0,150,0.0,3.0,146.0,0.0,158.60000000000002,32,132,302.6,158,258
0,151,0.0,3.0,138.0,-8.0,154.60000000000002,32,132,298.6,158,258
0,152,0.0,3.0,138.0,0.0,150.60000000000002,32,132,294.6,158,258
0,153,0.0,3.0,130.0,-8.0,146.60000000000002,32,132,290.6,158,258
0,154,0.0,3.0,130.0,0.0,142.60000000000002,32,132,286.6,158,258
0,155,0.0,3.0,122.0,-8.0,138.60000000000002,32,132,282.6,158,258
0,156,0.0,3.0,122.0,0.0,134.60000000000002,32,132,278.6,158,258
0,157,0.0,3.0,114.0,-8.0,130.60000000000002,32,132,274.6,158,258
0,158,0.0,3.0,114.0,0.0,126.60000000000002,32,132,270.6,158,258
0,159,0.0,3.0,106.0,-8.0,122.60000000000002,32,132,266.6,158,258
0,160,0.0,3.0,106.0,0.0,118.60000000000002,32,132,262.6,158,258
0,161,0.0,3.0,98.0,-8.0,114.60000000000002,32,132,258.6,158,258
0,162,0.0,3.0,98.0,0.0,110.60000000000002,32,132,254.60000000000002,158,258
0,163,0.0,3.0,90.0,-8.0,106.60000000000002,32,132,250.60000000000002,158,258
0,164,0.0,3.0,90.0,0.0,102.60000000000002,32,132,246.60000000000002,158,258
0,165,0.0,3.0,82.0,-8.0,98.60000000000002,32,132,242.60000000000002,158,258
0,166,0.0,3.0,82.0,0.0,94.60000000000002,32,132,238.60000000000002,158,258
0,167,0.0,3.0,83.0,1.0,90.60000000000002,32,132,234.60000000000002,158,258
0,168,0.0,3.0,85.0,2.0,86.60000000000002,32,132,230.60000000000002,158,258
0,169,0.0,3.0,77.0,-8.0,82.60000000000002,32,132,226.60000000000002,158,258
0,170,0.0,3.0,77.0,0.0,78.60000000000002,32,132,222.60000000000002,158,258
0,171,0.0,3.0,78.0,1.0,74.60000000000002,32,132,218.60000000000002,158,258
0,172,0.0,3.0,80.0,2.0,70.60000000000002,32,132,214.60000000000002,158,258
0,173,0.0,3.0,83.0,3.0,66.60000000000002,32,132,210.60000000000002,158,258
0,174,0.0,3.0,87.0,4.0,62.60000000000002,32,132,206.60000000000002,158,258
0,175,0.0,3.0,92.0,5.0,58.60000000000002,32,132,202.60000000000002,158,258
0,176,0.0,3.0,98.0,6.0,54.60000000000002,32,132,198.60000000000002,158,258
0,177,0.0,3.0,105.0,7.0,50.60000000000002,32,132,194.60000000000002,158,258
0,178,1.0,4.0,97.0,-8.0,46.60000000000002,32,132,190.60000000000002,158,258
0,179,0.0,4.0,97.0,0.0,42.60000000000002,32,132,186.60000000000002,158,258
0,180,0.0,4.0,98.0,1.0,38.60000000000002,32,132,182.60000000000002,158,258
0,181,0.0,4.0,100.0,2.0,34.60000000000002,32,132,178.60000000000002,158,258
0,182,0.0,4.0,103.0,3.0,30.600000000000023,32,132,174.60000000000002,158,258
0,183,0.0,4.0,95.0,-8.0,26.600000000000023,32,132,170.60000000000002,158,258
0,184,0.0,4.0,95.0,0.0,22.600000000000023,32,132,166.60000000000002,158,258
0,185,0.0,4.0,96.0,1.0,18.600000000000023,32,132,162.60000000000002,158,258
0,186,0.0,4.0,98.0,2.0,14.600000000000023,32,132,158.60000000000002,158,258
0,187,0.0,4.0,101.0,3.0,10.600000000000023,32,132,154.60000000000002,158,258
0,188,0.0,4.0,105.0,4.0,6.600000000000023,32,132,150.60000000000002,158,258
0,189,0.0,4.0,97.0,-8.0,2.6000000000000227,32,132,146.60000000000002,158,258
0,190,0.0,4.0,97.0,0.0,142.60000000000002,158,258,286.6,145,245
0,191,0.0,4.0,98.0,1.0,138.60000000000002,158,258,282.6,145,245
0,192,0.0,4.0,100.0,2.0,134.60000000000002,158,258,278.6,145,245
0,193,0.0,4.0,103.0,3.0,130.60000000000002,158,258,274.6,145,245
0,194,0.0,4.0,107.0,4.0,126.60000000000002,158,258,270.6,145,245
0,195,0.0,4.0,112.0,5.0,122.60000000000002,158,258,266.6,145,245
0,196,0.0,4.0,118.0,6.0,118.60000000000002,158,258,262.6,145,245
0,197,0.0,4.0,125.0,7.0,114.60000000000002,158,258,258.6,145,245
0,198,0.0,4.0,133.0,8.0,110.60000000000002,158,258,254.60000000000002,145,245
0,199,0.0,4.0,142.0,9.0,106.60000000000002,158,258,250.60000000000002,145,245
0,200,0.0,4.0,152.0,10.0,102.60000000000002,158,258,246.60000000000002,145,245
0,201,0.0,4.0,162.0,10.0,98.60000000000002,158,258,242.60000000000002,145,245
0,202,0.0,4.0,172.0,10.0,94.60000000000002,158,258,238.60000000000002,145,245
0,203,0.0,4.0,182.0,10.0,90.60000000000002,158,258,234.60000000000002,145,245
0,204,0.0,4.0,192.0,10.0,86.60000000000002,158,258,230.60000000000002,145,245
0,205,0.0,4.0,184.0,-8.0,82.60000000000002,158,258,226.60000000000002,145,245
0,206,0.0,4.0,184.0,0.0,78.60000000000002,158,258,222.60000000000002,145,245
0,207,0.0,4.0,185.0,1.0,74.60000000000002,158,258,218.60000000000002,145,245
0,208,0.0,4.0,187.0,2.0,70.60000000000002,158,258,214.60000000000002,145,245
0,209,0.0,4.0,190.0,3.0,66.60000000000002,158,258,210.60000000000002,145,245
0,210,0.0,4.0,194.0,4.0,62.60000000000002,158,258,206.60000000000002,145,245
0,211,0.0,4.0,199.0,5.0,58.60000000000002,158,258,202.60000000000002,145,245
0,212,0.0,4.0,205.0,6.0,54.60000000000002,158,258,198.60000000000002,145,245
0,213,0.0,4.0,212.0,7.0,50.60000000000002,158,258,194.60000000000002,145,245
0,214,1.0,5.0,204.0,-8.0,46.60000000000002,158,258,190.60000000000002,145,245
0,215,0.0,5.0,204.0,0.0,42.60000000000002,158,258,186.60000000000002,145,245
0,216,0.0,5.0,205.0,1.0,38.60000000000002,158,258,182.60000000000002,145,245
0,217,0.0,5.0,207.0,2.0,34.60000000000002,158,258,178.60000000000002,145,245
0,218,0.0,5.0,210.0,3.0,30.600000000000023,158,258,174.60000000000002,145,245
0,219,0.0,5.0,214.0,4.0,26.600000000000023,158,258,170.60000000000002,145,245
0,220,0.0,5.0,219.0,5.0,22.600000000000023,158,258,166.60000000000002,145,245
0,221,0.0,5.0,211.0,-8.0,18.600000000000023,158,258,162.60000000000002,145,245
0,222,0.0,5.0,211.0,0.0,14.600000000000023,158,258,158.60000000000002,145,245
0,223,0.0,5.0,212.0,1.0,10.600000000000023,158,258,154.60000000000002,145,245
0,224,0.0,5.0,214.0,2.0,6.600000000000023,158,258,150.60000000000002,145,245
0,225,0.0,5.0,217.0,3.0,2.6000000000000227,158,258,146.60000000000002,145,245
0,226,0.0,5.0,221.0,4.0,142.60000000000002,145,245,306.6,153,253
0,227,0.0,5.0,213.0,-8.0,138.60000000000002,145,245,302.6,153,253
0,228,0.0,5.0,213.0,0.0,134.60000000000002,145,245,298.6,153,253
0,229,0.0,5.0,205.0,-8.0,130.60000000000002,145,245,294.6,153,253
0,230,0.0,5.0,205.0,0.0,126.60000000000002,145,245,290.6,153,253
0,231,0.0,5.0,197.0,-8.0,122.60000000000002,145,245,286.6,153,253
0,232,0.0,5.0,197.0,0.0,118.60000000000002,145,245,282.6,153,253
0,233,0.0,5.0,189.0,-8.0,114.60000000000002,145,245,278.6,153,253
0,234,0.0,5.0,189.0,0.0,110.60000000000002,145,245,274.6,153,253
0,235,0.0,5.0,181.0,-8.0,106.60000000000002,145,245,270.6,153,253
0,236,0.0,5.0,181.0,0.0,102.60000000000002,145,245,266.6,153,253
0,237,0.0,5.0,173.0,-8.0,98.60000000000002,145,245,262.6,153,253
0,238,0.0,5.0,173.0,0.0,94.60000000000002,145,245,258.6,153,253
0,239,0.0,5.0,174.0,1.0,90.60000000000002,145,245,254.60000000000002,153,253
0,240,0.0,5.0,176.0,2.0,86.60000000000002,145,245,250.60000000000002,153,253
0,241,0.0,5.0,179.0,3.0,82.60000000000002,145,245,246.60000000000002,153,253
0,242,0.0,5.0,183.0,4.0,78.60000000000002,145,245,242.60000000000002,153,253
0,243,0.0,5.0,188.0,5.0,74.60000000000002,145,245,238.60000000000002,153,253
0,244,0.0,5.0,194.0,6.0,70.60000000000002,145,245,234.60000000000002,153,253
0,245,0.0,5.0,186.0,-8.0,66.60000000000002,145,245,230.60000000000002,153,253
0,246,0.0,5.0,186.0,0.0,62.60000000000002,145,245,226.60000000000002,153,253
0,247,0.0,5.0,187.0,1.0,58.60000000000002,145,245,222.60000000000002,153,253
0,248,0.0,5.0,189.0,2.0,54.60000000000002,145,245,218.60000000000002,153,253
0,249,0.0,5.0,192.0,3.0,50.60000000000002,145,245,214.60000000000002,153,253
0,250,1.0,6.0,196.0,4.0,46.60000000000002,145,245,210.60000000000002,153,253
0,251,0.0,6.0,201.0,5.0,42.60000000000002,145,245,206.60000000000002,153,253
0,252,0.0,6.0,207.0,6.0,38.60000000000002,145,245,202.60000000000002,153,253
0,253,0.0,6.0,199.0,-8.0,34.60000000000002,145,245,198.60000000000002,153,253
0,254,0.0,6.0,199.0,0.0,30.600000000000023,145,245,194.60000000000002,153,253
0,255,0.0,6.0,200.0,1.0,26.600000000000023,145,245,190.60000000000002,153,253
0,256,0.0,6.0,202.0,2.0,22.600000000000023,145,245,186.60000000000002,153,253
0,257,0.0,6.0,205.0,3.0,18.600000000000023,145,245,182.60000000000002,153,253
0,258,0.0,6.0,209.0,4.0,14.600000000000023,145,245,178.60000000000002,153,253
0,259,0.0,6.0,214.0,5.0,10.600000000000023,145,245,174.60000000000002,153,253
0,260,0.0,6.0,206.0,-8.0,6.600000000000023,145,245,170.60000000000002,153,253
0,261,0.0,6.0,206.0,0.0,2.6000000000000227,145,245,166.60000000000002,153,253
0,262,0.0,6.0,207.0,1.0,162.60000000000002,153,253,306.6,135,235
0,263,0.0,6.0,199.0,-8.0,158.60000000000002,153,253,302.6,135,235
0,264,0.0,6.0,199.0,0.0,154.60000000000002,153,253,298.6,135,235
0,265,0.0,6.0,191.0,-8.0,150.60000000000002,153,253,294.6,135,235
0,266,0.0,6.0,191.0,0.0,146.60000000000002,153,253,290.6,135,235
0,267,0.0,6.0,183.0,-8.0,142.60000000000002,153,253,286.6,135,235
0,268,0.0,6.0,183.0,0.0,138.60000000000002,153,253,282.6,135,235
0,269,0.0,6.0,175.0,-8.0,134.60000000000002,153,253,278.6,135,235
0,270,0.0,6.0,175.0,0.0,130.60000000000002,153,253,274.6,135,235
0,271,0.0,6.0,167.0,-8.0,126.60000000000002,153,253,270.6,135,235
0,272,0.0,6.0,167.0,0.0,122.60000000000002,153,253,266.6,135,235
0,273,0.0,6.0,159.0,-8.0,118.60000000000002,153,253,262.6,135,235
0,274,0.0,6.0,159.0,0.0,114.60000000000002,153,253,258.6,135,235
0,275,0.0,6.0,160.0,1.0,110.60000000000002,153,253,254.60000000000002,135,235
0,276,0.0,6.0,162.0,2.0,106.60000000000002,153,253,250.60000000000002,135,235
0,277,0.0,6.0,165.0,3.0,102.60000000000002,153,253,246.60000000000002,135,235
0,278,0.0,6.0,169.0,4.0,98.60000000000002,153,253,242.60000000000002,135,235
0,279,0.0,6.0,174.0,5.0,94.60000000000002,153,253,238.60000000000002,135,235
0,280,0.0,6.0,180.0,6.0,90.60000000000002,153,253,234.60000000000002,135,235
0,281,0.0,6.0,187.0,7.0,86.60000000000002,153,253,230.60000000000002,135,235
0,282,0.0,6.0,179.0,-8.0,82.60000000000002,153,253,226.60000000000002,135,235
0,283,0.0,6.0,179.0,0.0,78.60000000000002,153,253,222.60000000000002,135,235
0,284,0.0,6.0,180.0,1.0,74.60000000000002,153,253,218.60000000000002,135,235
0,285,0.0,6.0,182.0,2.0,70.60000000000002,153,253,214.60000000000002,135,235
0,286,0.0,6.0,185.0,3.0,66.60000000000002,153,253,210.60000000000002,135,235
0,287,0.0,6.0,189.0,4.0,62.60000000000002,153,253,206.60000000000002,135,235
0,288,0.0,6.0,194.0,5.0,58.60000000000002,153,253,202.60000000000002,135,235
0,289,0.0,6.0,200.0,6.0,54.60000000000002,153,253,198.60000000000002,135,235
0,290,0.0,6.0,207.0,7.0,50.60000000000002,153,253,194.60000000000002,135,235
0,291,1.0,7.0,199.0,-8.0,46.60000000000002,153,253,190.60000000000002,135,235
0,292,0.0,7.0,199.0,0.0,42.60000000000002,153,253,186.60000000000002,135,235
0,293,0.0,7.0,200.0,1.0,38.60000000000002,153,253,182.60000000000002,135,235
0,294,0.0,7.0,202.0,2.0,34.60000000000002,153,253,178.60000000000002,135,235
0,295,0.0,7.0,205.0,3.0,30.600000000000023,153,253,174.60000000000002,135,235
0,296,0.0,7.0,209.0,4.0,26.600000000000023,153,253,170.60000000000002,135,235
0,297,0.0,7.0,214.0,5.0,22.600000000000023,153,253,166.60000000000002,135,235
0,298,0.0,7.0,206.0,-8.0,18.600000000000023,153,253,162.60000000000002,135,235
0,299,0.0,7.0,206.0,0.0,14.600000000000023,153,253,158.60000000000002,135,235
0,300,0.0,7.0,207.0,1.0,10.600000000000023,153,253,154.60000000000002,135,235
0,301,0.0,7.0,209.0,2.0,6.600000000000023,153,253,150.60000000000002,135,235
0,302,0.0,7.0,212.0,3.0,2.6000000000000227,153,253,146.60000000000002,135,235
0,303,0.0,7.0,216.0,4.0,142.60000000000002,135,235,286.6,52,152
0,304,0.0,7.0,208.0,-8.0,138.60000000000002,135,235,282.6,52,152
0,305,0.0,7.0,208.0,0.0,134.60000000000002,135,235,278.6,52,152
0,306,0.0,7.0,200.0,-8.0,130.60000000000002,135,235,274.6,52,152
0,307,0.0,7.0,200.0,0.0,126.60000000000002,135,235,270.6,52,152
0,308,0.0,7.0,192.0,-8.0,122.60000000000002,135,235,266.6,52,152
0,309,0.0,7.0,192.0,0.0,118.60000000000002,135,235,262.6,52,152
0,310,0.0,7.0,184.0,-8.0,114.60000000000002,135,235,258.6,52,152
0,311,0.0,7.0,184.0,0.0,110.60000000000002,135,235,254.60000000000002,52,152
0,312,0.0,7.0,176.0,-8.0,106.60000000000002,135,235,250.60000000000002,52,152
0,313,0.0,7.0,176.0,0.0,102.60000000000002,135,235,246.60000000000002,52,152
0,314,0.0,7.0,168.0,-8.0,98.60000000000002,135,235,242.60000000000002,52,152
0,315,0.0,7.0,168.0,0.0,94.60000000000002,135,235,238.60000000000002,52,152
0,316,0.0,7.0,169.0,1.0,90.60000000000002,135,235,234.60000000000002,52,152
0,317,0.0,7.0,171.0,2.0,86.60000000000002,135,235,230.60000000000002,52,152
0,318,0.0,7.0,174.0,3.0,82.60000000000002,135,235,226.60000000000002,52,152
0,319,0.0,7.0,178.0,4.0,78.60000000000002,135,235,222.60000000000002,52,152
0,320,0.0,7.0,183.0,5.0,74.60000000000002,135,235,218.60000000000002,52,152
0,321,0.0,7.0,189.0,6.0,70.60000000000002,135,235,214.60000000000002,52,152
0,322,0.0,7.0,181.0,-8.0,66.60000000000002,135,235,210.60000000000002,52,152
0,323,0.0,7.0,181.0,0.0,62.60000000000002,135,235,206.60000000000002,52,152
0,324,0.0,7.0,182.0,1.0,58.60000000000002,135,235,202.60000000000002,52,152
0,325,0.0,7.0,184.0,2.0,54.60000000000002,135,235,198.60000000000002,52,152
0,326,0.0,7.0,187.0,3.0,50.60000000000002,135,235,194.60000000000002,52,152
0,327,1.0,8.0,191.0,4.0,46.60000000000002,135,235,190.60000000000002,52,152
0,328,0.0,8.0,196.0,5.0,42.60000000000002,135,235,186.60000000000002,52,152
0,329,0.0,8.0,202.0,6.0,38.60000000000002,135,235,182.60000000000002,52,152
0,330,0.0,8.0,194.0,-8.0,34.60000000000002,135,235,178.60000000000002,52,152
0,331,0.0,8.0,194.0,0.0,30.600000000000023,135,235,174.60000000000002,52,152
0,332,0.0,8.0,195.0,1.0,26.600000000000023,135,235,170.60000000000002,52,152
0,333,0.0,8.0,197.0,2.0,22.600000000000023,135,235,166.60000000000002,52,152
0,334,0.0,8.0,200.0,3.0,18.600000000000023,135,235,162.60000000000002,52,152
0,335,0.0,8.0,204.0,4.0,14.600000000000023,135,235,158.60000000000002,52,152
0,336,0.0,8.0,209.0,5.0,10.600000000000023,135,235,154.60000000000002,52,152
0,337,0.0,8.0,201.0,-8.0,6.600000000000023,135,235,150.60000000000002,52,152
0,338,0.0,8.0,201.0,0.0,2.6000000000000227,135,235,146.60000000000002,52,152
0,339,0.0,8.0,202.0,1.0,142.60000000000002,52,152,306.6,174,274
0,340,0.0,8.0,194.0,-8.0,138.60000000000002,52,152,302.6,174,274
0,341,0.0,8.0,194.0,0.0,134.60000000000002,52,152,298.6,174,274
0,342,0.0,8.0,186.0,-8.0,130.60000000000002,52,152,294.6,174,274
0,343,0.0,8.0,186.0,0.0,126.60000000000002,52,152,290.6,174,274
0,344,0.0,8.0,178.0,-8.0,122.60000000000002,52,152,286.6,174,274
0,345,0.0,8.0,178.0,0.0,118.60000000000002,52,152,282.6,174,274
0,346,0.0,8.0,170.0,-8.0,114.60000000000002,52,152,278.6,174,274
0,347,0.0,8.0,170.0,0.0,110.60000000000002,52,152,274.6,174,274
0,348,0.0,8.0,162.0,-8.0,106.60000000000002,52,152,270.6,174,274
0,349,0.0,8.0,162.0,0.0,102.60000000000002,52,152,266.6,174,274
0,350,0.0,8.0,154.0,-8.0,98.60000000000002,52,152,262.6,174,274
0,351,0.0,8.0,154.0,0.0,94.60000000000002,52,152,258.6,174,274
0,352,0.0,8.0,146.0,-8.0,90.60000000000002,52,152,254.60000000000002,174,274
0,353,0.0,8.0,146.0,0.0,86.60000000000002,52,152,250.60000000000002,174,274
0,354,0.0,8.0,138.0,-8.0,82.60000000000002,52,152,246.60000000000002,174,274
0,355,0.0,8.0,138.0,0.0,78.60000000000002,52,152,242.60000000000002,174,274
0,356,0.0,8.0,130.0,-8.0,74.60000000000002,52,152,238.60000000000002,174,274
0,357,0.0,8.0,130.0,0.0,70.60000000000002,52,152,234.60000000000002,174,274
0,358,0.0,8.0,131.0,1.0,66.60000000000002,52,152,230.60000000000002,174,274
0,359,-5.0,3.0,133.0,2.0,62.60000000000002,52,152,226.60000000000002,174,274
0,0,0.0,0.0,250.0,-6.0,305.0,70,170,449.0,121,221
0,1,0.0,0.0,244.0,-6.0,301.0,70,170,445.0,121,221
0,2,0.0,0.0,239.0,-5.0,297.0,70,170,441.0,121,221
0,3,0.0,0.0,235.0,-4.0,293.0,70,170,437.0,121,221
0,4,0.0,0.0,232.0,-3.0,289.0,70,170,433.0,121,221
0,5,0.0,0.0,230.0,-2.0,285.0,70,170,429.0,121,221
0,6,0.0,0.0,229.0,-1.0,281.0,70,170,425.0,121,221
0,7,0.0,0.0,229.0,0.0,277.0,70,170,421.0,121,221
0,8,0.0,0.0,230.0,1.0,273.0,70,170,417.0,121,221
0,9,0.0,0.0,222.0,-8.0,269.0,70,170,413.0,121,221
0,10,0.0,0.0,214.0,-8.0,265.0,70,170,409.0,121,221
0,11,0.0,0.0,206.0,-8.0,261.0,70,170,405.0,121,221
0,12,0.0,0.0,206.0,0.0,257.0,70,170,401.0,121,221
0,13,0.0,0.0,198.0,-8.0,253.0,70,170,397.0,121,221
0,14,0.0,0.0,198.0,0.0,249.0,70,170,393.0,121,221
0,15,0.0,0.0,190.0,-8.0,245.0,70,170,389.0,121,221
0,16,0.0,0.0,190.0,0.0,241.0,70,170,385.0,121,221
0,17,0.0,0.0,182.0,-8.0,237.0,70,170,381.0,121,221
0,18,0.0,0.0,182.0,0.0,233.0,70,170,377.0,121,221
0,19,0.0,0.0,174.0,-8.0,229.0,70,170,373.0,121,221
0,20,0.0,0.0,174.0,0.0,225.0,70,170,369.0,121,221
0,21,0.0,0.0,166.0,-8.0,221.0,70,170,365.0,121,221
0,22,0.0,0.0,166.0,0.0,217.0,70,170,361.0,121,221
0,23,0.0,0.0,158.0,-8.0,213.0,70,170,357.0,121,221
0,24,0.0,0.0,158.0,0.0,209.0,70,170,353.0,121,221
0,25,0.0,0.0,150.0,-8.0,205.0,70,170,349.0,121,221
0,26,0.0,0.0,150.0,0.0,201.0,70,170,345.0,121,221
0,27,0.0,0.0,142.0,-8.0,197.0,70,170,341.0,121,221
0,28,0.0,0.0,142.0,0.0,193.0,70,170,337.0,121,221
0,29,0.0,0.0,134.0,-8.0,189.0,70,170,333.0,121,221
0,30,0.0,0.0,134.0,0.0,185.0,70,170,329.0,121,221
0,31,0.0,0.0,126.0,-8.0,181.0,70,170,325.0,121,221
0,32,0.0,0.0,126.0,0.0,177.0,70,170,321.0,121,221
0,33,0.0,0.0,118.0,-8.0,173.0,70,170,317.0,121,221
0,34,0.0,0.0,118.0,0.0,169.0,70,170,313.0,121,221
0,35,0.0,0.0,110.0,-8.0,165.0,70,170,309.0,121,221
0,36,0.0,0.0,110.0,0.0,161.0,70,170,305.0,121,221
0,37,0.0,0.0,102.0,-8.0,157.0,70,170,301.0,121,221
0,38,0.0,0.0,102.0,0.0,153.0,70,170,297.0,121,221
0,39,0.0,0.0,94.0,-8.0,149.0,70,170,293.0,121,221
0,40,0.0,0.0,94.0,0.0,145.0,70,170,289.0,121,221
0,41,0.0,0.0,86.0,-8.0,141.0,70,170,285.0,121,221
0,42,0.0,0.0,86.0,0.0,137.0,70,170,281.0,121,221
0,43,0.0,0.0,78.0,-8.0,133.0,70,170,277.0,121,221
0,44,0.0,0.0,78.0,0.0,129.0,70,170,273.0,121,221
0,45,0.0,0.0,70.0,-8.0,125.0,70,170,269.0,121,221
0,46,0.0,0.0,70.0,0.0,121.0,70,170,265.0,121,221
0,47,0.0,0.0,62.0,-8.0,117.0,70,170,261.0,121,221
0,48,0.0,0.0,62.0,0.0,113.0,70,170,257.0,121,221
0,49,0.0,0.0,63.0,1.0,109.0,70,170,253.0,121,221
0,50,0.0,0.0,65.0,2.0,105.0,70,170,249.0,121,221
0,51,0.0,0.0,68.0,3.0,101.0,70,170,245.0,121,221
0,52,0.0,0.0,72.0,4.0,97.0,70,170,241.0,121,221
0,53,0.0,0.0,77.0,5.0,93.0,70,170,237.0,121,221
0,54,0.0,0.0,83.0,6.0,89.0,70,170,233.0,121,221
0,55,0.0,0.0,90.0,7.0,85.0,70,170,229.0,121,221
0,56,0.0,0.0,98.0,8.0,81.0,70,170,225.0,121,221
0,57,0.0,0.0,107.0,9.0,77.0,70,170,221.0,121,221
0,58,0.0,0.0,99.0,-8.0,73.0,70,170,217.0,121,221
0,59,0.0,0.0,99.0,0.0,69.0,70,170,213.0,121,221
0,60,0.0,0.0,100.0,1.0,65.0,70,170,209.0,121,221
0,61,0.0,0.0,102.0,2.0,61.0,70,170,205.0,121,221
0,62,0.0,0.0,105.0,3.0,57.0,70,170,201.0,121,221
0,63,0.0,0.0,109.0,4.0,53.0,70,170,197.0,121,221
0,64,0.0,0.0,114.0,5.0,49.0,70,170,193.0,121,221
0,65,1.0,1.0,120.0,6.0,45.0,70,170,189.0,121,221
0,66,0.0,1.0,127.0,7.0,41.0,70,170,185.0,121,221
0,67,0.0,1.0,119.0,-8.0,37.0,70,170,181.0,121,221
0,68,0.0,1.0,119.0,0.0,33.0,70,170,177.0,121,221
0,69,0.0,1.0,120.0,1.0,29.0,70,170,173.0,121,221
0,70,0.0,1.0,122.0,2.0,25.0,70,170,169.0,121,221
0,71,0.0,1.0,125.0,3.0,21.0,70,170,165.0,121,221
0,72,0.0,1.0,129.0,4.0,17.0,70,170,161.0,121,221
0,73,0.0,1.0,134.0,5.0,13.0,70,170,157.0,121,221
0,74,0.0,1.0,126.0,-8.0,9.0,70,170,153.0,121,221
0,75,0.0,1.0,126.0,0.0,5.0,70,170,149.0,121,221
0,76,0.0,1.0,127.0,1.0,1.0,70,170,145.0,121,221
0,77,0.0,1.0,129.0,2.0,141.0,121,221,285.0,111,211
0,78,0.0,1.0,121.0,-8.0,137.0,121,221,281.0,111,211
0,79,0.0,1.0,121.0,0.0,133.0,121,221,277.0,111,211
0,80,0.0,1.0,113.0,-8.0,129.0,121,221,273.0,111,211
0,81,0.0,1.0,113.0,0.0,125.0,121,221,269.0,111,211
0,82,0.0,1.0,105.0,-8.0,121.0,121,221,265.0,111,211
0,83,0.0,1.0,105.0,0.0,117.0,121,221,261.0,111,211
0,84,0.0,1.0,106.0,1.0,113.0,121,221,257.0,111,211
0,85,0.0,1.0,108.0,2.0,109.0,121,221,253.0,111,211
0,86,0.0,1.0,111.0,3.0,105.0,121,221,249.0,111,211
0,87,0.0,1.0,115.0,4.0,101.0,121,221,245.0,111,211
0,88,0.0,1.0,120.0,5.0,97.0,121,221,241.0,111,211
0,89,0.0,1.0,126.0,6.0,93.0,121,221,237.0,111,211
0,90,0.0,1.0,133.0,7.0,89.0,121,221,233.0,111,211
0,91,0.0,1.0,141.0,8.0,85.0,121,221,229.0,111,211
0,92,0.0,1.0,150.0,9.0,81.0,121,221,225.0,111,211
0,93,0.0,1.0,160.0,10.0,77.0,121,221,221.0,111,211
0,94,0.0,1.0,152.0,-8.0,73.0,121,221,217.0,111,211
0,95,0.0,1.0,152.0,0.0,69.0,121,221,213.0,111,211
0,96,0.0,1.0,153.0,1.0,65.0,121,221,209.0,111,211
0,97,0.0,1.0,155.0,2.0,61.0,121,221,205.0,111,211
0,98,0.0,1.0,158.0,3.0,57.0,121,221,201.0,111,211
0,99,0.0,1.0,162.0,4.0,53.0,121,221,197.0,111,211
0,100,0.0,1.0,167.0,5.0,49.0,121,221,193.0,111,211
0,101,1.0,2.0,173.0,6.0,45.0,121,221,189.0,111,211
0,102,0.0,2.0,165.0,-8.0,41.0,121,221,185.0,111,211
0,103,0.0,2.0,165.0,0.0,37.0,121,221,181.0,111,211
0,104,0.0,2.0,166.0,1.0,33.0,121,221,177.0,111,211
0,105,0.0,2.0,168.0,2.0,29.0,121,221,173.0,111,211
0,106,0.0,2.0,171.0,3.0,25.0,121,221,169.0,111,211
0,107,0.0,2.0,175.0,4.0,21.0,121,221,165.0,111,211
0,108,0.0,2.0,180.0,5.0,17.0,121,221,161.0,111,211
0,109,0.0,2.0,186.0,6.0,13.0,121,221,157.0,111,211
0,110,0.0,2.0,178.0,-8.0,9.0,121,221,153.0,111,211
0,111,0.0,2.0,178.0,0.0,5.0,121,221,149.0,111,211
0,112,0.0,2.0,179.0,1.0,1.0,121,221,145.0,111,211
0,113,0.0,2.0,181.0,2.0,141.0,111,211,306.6,59,159
0,114,0.0,2.0,173.0,-8.0,137.0,111,211,302.6,59,159
0,115,0.0,2.0,173.0,0.0,133.0,111,211,298.6,59,159
0,116,0.0,2.0,165.0,-8.0,129.0,111,211,294.6,59,159
0,117,0.0,2.0,165.0,0.0,125.0,111,211,290.6,59,159
0,118,0.0,2.0,157.0,-8.0,121.0,111,211,286.6,59,159
0,119,0.0,2.0,157.0,0.0,117.0,111,211,282.6,59,159
0,120,0.0,2.0,149.0,-8.0,113.0,111,211,278.6,59,159
0,121,0.0,2.0,149.0,0.0,109.0,111,211,274.6,59,159
0,122,0.0,2.0,141.0,-8.0,105.0,111,211,270.6,59,159
0,123,0.0,2.0,141.0,0.0,101.0,111,211,266.6,59,159
0,124,0.0,2.0,133.0,-8.0,97.0,111,211,262.6,59,159
0,125,0.0,2.0,133.0,0.0,93.0,111,211,258.6,59,159
0,126,0.0,2.0,134.0,1.0,89.0,111,211,254.60000000000002,59,159
0,127,0.0,2.0,136.0,2.0,85.0,111,211,250.60000000000002,59,159
0,128,0.0,2.0,139.0,3.0,81.0,111,211,246.60000000000002,59,159
0,129,0.0,2.0,143.0,4.0,77.0,111,211,242.60000000000002,59,159
0,130,0.0,2.0,148.0,5.0,73.0,111,211,238.60000000000002,59,159
0,131,0.0,2.0,154.0,6.0,69.0,111,211,234.60000000000002,59,159
0,132,0.0,2.0,161.0,7.0,65.0,111,211,230.60000000000002,59,159
0,133,0.0,2.0,169.0,8.0,61.0,111,211,226.60000000000002,59,159
0,134,0.0,2.0,161.0,-8.0,57.0,111,211,222.60000000000002,59,159
0,135,0.0,2.0,161.0,0.0,53.0,111,211,218.60000000000002,59,159
0,136,0.0,2.0,162.0,1.0,49.0,111,211,214.60000000000002,59,159
0,137,1.0,3.0,164.0,2.0,45.0,111,211,210.60000000000002,59,159
0,138,0.0,3.0,167.0,3.0,41.0,111,211,206.60000000000002,59,159
0,139,0.0,3.0,171.0,4.0,37.0,111,211,202.60000000000002,59,159
0,140,0.0,3.0,176.0,5.0,33.0,111,211,198.60000000000002,59,159
0,141,0.0,3.0,182.0,6.0,29.0,111,211,194.60000000000002,59,159
0,142,0.0,3.0,174.0,-8.0,25.0,111,211,190.60000000000002,59,159
0,143,0.0,3.0,174.0,0.0,21.0,111,211,186.60000000000002,59,159
0,144,0.0,3.0,175.0,1.0,17.0,111,211,182.60000000000002,59,159
0,145,0.0,3.0,177.0,2.0,13.0,111,211,178.60000000000002,59,159
0,146,0.0,3.0,180.0,3.0,9.0,111,211,174.60000000000002,59,159
0,147,0.0,3.0,184.0,4.0,5.0,111,211,170.60000000000002,59,159
0,148,0.0,3.0,176.0,-8.0,1.0,111,211,166.60000000000002,59,159
0,149,0.0,3.0,176.0,0.0,162.60000000000002,59,159,306.6,100,200
0,150,0.0,3.0,168.0,-8.0,158.60000000000002,59,159,302.6,100,200
0,151,0.0,3.0,168.0,0.0,154.60000000000002,59,159,298.6,100,200
0,152,0.0,3.0,160.0,-8.0,150.60000000000002,59,159,294.6,100,200
0,153,0.0,3.0,160.0,0.0,146.60000000000002,59,159,290.6,100,200
0,154,0.0,3.0,152.0,-8.0,142.60000000000002,59,159,286.6,100,200
0,155,0.0,3.0,152.0,0.0,138.60000000000002,59,159,282.6,100,200
0,156,0.0,3.0,144.0,-8.0,134.60000000000002,59,159,278.6,100,200
0,157,0.0,3.0,144.0,0.0,130.60000000000002,59,159,274.6,100,200
0,158,0.0,3.0,136.0,-8.0,126.60000000000002,59,159,270.6,100,200
0,159,0.0,3.0,136.0,0.0,122.60000000000002,59,159,266.6,100,200
0,160,0.0,3.0,128.0,-8.0,118.60000000000002,59,159,262.6,100,200
0,161,0.0,3.0,128.0,0.0,114.60000000000002,59,159,258.6,100,200
0,162,0.0,3.0,120.0,-8.0,110.60000000000002,59,159,254.60000000000002,100,200
0,163,0.0,3.0,120.0,0.0,106.60000000000002,59,159,250.60000000000002,100,200
0,164,0.0,3.0,112.0,-8.0,102.60000000000002,59,159,246.60000000000002,100,200
0,165,0.0,3.0,112.0,0.0,98.60000000000002,59,159,242.60000000000002,100,200
0,166,0.0,3.0,104.0,-8.0,94.60000000000002,59,159,238.60000000000002,100,200
0,167,0.0,3.0,104.0,0.0,90.60000000000002,59,159,234.60000000000002,100,200
0,168,0.0,3.0,105.0,1.0,86.60000000000002,59,159,230.60000000000002,100,200
0,169,0.0,3.0,107.0,2.0,82.60000000000002,59,159,226.60000000000002,100,200
0,170,0.0,3.0,110.0,3.0,78.60000000000002,59,159,222.60000000000002,100,200
0,171,0.0,3.0,114.0,4.0,74.60000000000002,59,159,218.60000000000002,100,200
0,172,0.0,3.0,119.0,5.0,70.60000000000002,59,159,214.60000000000002,100,200
0,173,0.0,3.0,125.0,6.0,66.60000000000002,59,159,210.60000000000002,100,200
0,174,0.0,3.0,117.0,-8.0,62.60000000000002,59,159,206.60000000000002,100,200
0,175,0.0,3.0,117.0,0.0,58.60000000000002,59,159,202.60000000000002,100,200
0,176,0.0,3.0,118.0,1.0,54.60000000000002,59,159,198.60000000000002,100,200
0,177,0.0,3.0,120.0,2.0,50.60000000000002,59,159,194.60000000000002,100,200
0,178,1.0,4.0,123.0,3.0,46.60000000000002,59,159,190.60000000000002,100,200
0,179,0.0,4.0,127.0,4.0,42.60000000000002,59,159,186.60000000000002,100,200
0,180,0.0,4.0,132.0,5.0,38.60000000000002,59,159,182.60000000000002,100,200
0,181,0.0,4.0,124.0,-8.0,34.60000000000002,59,159,178.60000000000002,100,200
0,182,0.0,4.0,124.0,0.0,30.600000000000023,59,159,174.60000000000002,100,200
0,183,0.0,4.0,125.0,1.0,26.600000000000023,59,159,170.60000000000002,100,200
0,184,0.0,4.0,127.0,2.0,22.600000000000023,59,159,166.60000000000002,100,200
0,185,0.0,4.0,130.0,3.0,18.600000000000023,59,159,162.60000000000002,100,200
0,186,0.0,4.0,122.0,-8.0,14.600000000000023,59,159,158.60000000000002,100,200
0,187,0.0,4.0,122.0,0.0,10.600000000000023,59,159,154.60000000000002,100,200
0,188,0.0,4.0,123.0,1.0,6.600000000000023,59,159,150.60000000000002,100,200
0,189,0.0,4.0,125.0,2.0,2.6000000000000227,59,159,146.60000000000002,100,200
0,190,0.0,4.0,128.0,3.0,142.60000000000002,100,200,286.6,119,219
0,191,0.0,4.0,120.0,-8.0,138.60000000000002,100,200,282.6,119,219
0,192,0.0,4.0,120.0,0.0,134.60000000000002,100,200,278.6,119,219
0,193,0.0,4.0,112.0,-8.0,130.60000000000002,100,200,274.6,119,219
0,194,0.0,4.0,112.0,0.0,126.60000000000002,100,200,270.6,119,219
0,195,0.0,4.0,104.0,-8.0,122.60000000000002,100,200,266.6,119,219
0,196,0.0,4.0,104.0,0.0,118.60000000000002,100,200,262.6,119,219
0,197,0.0,4.0,96.0,-8.0,114.60000000000002,100,200,258.6,119,219
0,198,0.0,4.0,96.0,0.0,110.60000000000002,100,200,254.60000000000002,119,219
0,199,0.0,4.0,97.0,1.0,106.60000000000002,100,200,250.60000000000002,119,219
0,200,0.0,4.0,99.0,2.0,102.60000000000002,100,200,246.60000000000002,119,219
0,201,0.0,4.0,102.0,3.0,98.60000000000002,100,200,242.60000000000002,119,219
0,202,0.0,4.0,106.0,4.0,94.60000000000002,100,200,238.60000000000002,119,219
0,203,0.0,4.0,111.0,5.0,90.60000000000002,100,200,234.60000000000002,119,219
0,204,0.0,4.0,117.0,6.0,86.60000000000002,100,200,230.60000000000002,119,219
0,205,0.0,4.0,124.0,7.0,82.60000000000002,100,200,226.60000000000002,119,219
0,206,0.0,4.0,132.0,8.0,78.60000000000002,100,200,222.60000000000002,119,219
0,207,0.0,4.0,141.0,9.0,74.60000000000002,100,200,218.60000000000002,119,219
0,208,0.0,4.0,133.0,-8.0,70.60000000000002,100,200,214.60000000000002,119,219
0,209,0.0,4.0,133.0,0.0,66.60000000000002,100,200,210.60000000000002,119,219
0,210,0.0,4.0,134.0,1.0,62.60000000000002,100,200,206.60000000000002,119,219
0,211,0.0,4.0,136.0,2.0,58.60000000000002,100,200,202.60000000000002,119,219
0,212,0.0,4.0,139.0,3.0,54.60000000000002,100,200,198.60000000000002,119,219
0,213,0.0,4.0,143.0,4.0,50.60000000000002,100,200,194.60000000000002,119,219
0,214,1.0,5.0,148.0,5.0,46.60000000000002,100,200,190.60000000000002,119,219
0,215,0.0,5.0,154.0,6.0,42.60000000000002,100,200,186.60000000000002,119,219
0,216,0.0,5.0,146.0,-8.0,38.60000000000002,100,200,182.60000000000002,119,219
0,217,0.0,5.0,146.0,0.0,34.60000000000002,100,200,178.60000000000002,119,219
0,218,0.0,5.0,147.0,1.0,30.600000000000023,100,200,174.60000000000002,119,219
0,219,0.0,5.0,149.0,2.0,26.600000000000023,100,200,170.60000000000002,119,219
0,220,0.0,5.0,152.0,3.0,22.600000000000023,100,200,166.60000000000002,119,219
0,221,0.0,5.0,156.0,4.0,18.600000000000023,100,200,162.60000000000002,119,219
0,222,0.0,5.0,161.0,5.0,14.600000000000023,100,200,158.60000000000002,119,219
0,223,0.0,5.0,167.0,6.0,10.600000000000023,100,200,154.60000000000002,119,219
0,224,0.0,5.0,159.0,-8.0,6.600000000000023,100,200,150.60000000000002,119,219
0,225,0.0,5.0,159.0,0.0,2.6000000000000227,100,200,146.60000000000002,119,219
0,226,0.0,5.0,160.0,1.0,142.60000000000002,119,219,306.6,110,210
0,227,0.0,5.0,152.0,-8.0,138.60000000000002,119,219,302.6,110,210
0,228,0.0,5.0,152.0,0.0,134.60000000000002,119,219,298.6,110,210
0,229,0.0,5.0,144.0,-8.0,130.60000000000002,119,219,294.6,110,210
0,230,0.0,5.0,144.0,0.0,126.60000000000002,119,219,290.6,110,210
0,231,0.0,5.0,136.0,-8.0,122.60000000000002,119,219,286.6,110,210
0,232,0.0,5.0,136.0,0.0,118.60000000000002,119,219,282.6,110,210
0,233,0.0,5.0,128.0,-8.0,114.60000000000002,119,219,278.6,110,210
0,234,0.0,5.0,128.0,0.0,110.60000000000002,119,219,274.6,110,210
0,235,0.0,5.0,129.0,1.0,106.60000000000002,119,219,270.6,110,210
0,236,0.0,5.0,131.0,2.0,102.60000000000002,119,219,266.6,110,210
0,237,0.0,5.0,134.0,3.0,98.60000000000002,119,219,262.6,110,210
0,238,0.0,5.0,138.0,4.0,94.60000000000002,119,219,258.6,110,210
0,239,0.0,5.0,143.0,5.0,90.60000000000002,119,219,254.60000000000002,110,210
0,240,0.0,5.0,149.0,6.0,86.60000000000002,119,219,250.60000000000002,110,210
0,241,0.0,5.0,156.0,7.0,82.60000000000002,119,219,246.60000000000002,110,210
0,242,0.0,5.0,164.0,8.0,78.60000000000002,119,219,242.60000000000002,110,210
0,243,0.0,5.0,156.0,-8.0,74.60000000000002,119,219,238.60000000000002,110,210
0,244,0.0,5.0,156.0,0.0,70.60000000000002,119,219,234.60000000000002,110,210
0,245,0.0,5.0,157.0,1.0,66.60000000000002,119,219,230.60000000000002,110,210
0,246,0.0,5.0,159.0,2.0,62.60000000000002,119,219,226.60000000000002,110,210
0,247,0.0,5.0,162.0,3.0,58.60000000000002,119,219,222.60000000000002,110,210
0,248,0.0,5.0,166.0,4.0,54.60000000000002,119,219,218.60000000000002,110,210
0,249,0.0,5.0,171.0,5.0,50.60000000000002,119,219,214.60000000000002,110,210
0,250,1.0,6.0,163.0,-8.0,46.60000000000002,119,219,210.60000000000002,110,210
0,251,0.0,6.0,163.0,0.0,42.60000000000002,119,219,206.60000000000002,110,210
0,252,0.0,6.0,164.0,1.0,38.60000000000002,119,219,202.60000000000002,110,210
0,253,0.0,6.0,166.0,2.0,34.60000000000002,119,219,198.60000000000002,110,210
0,254,0.0,6.0,169.0,3.0,30.600000000000023,119,219,194.60000000000002,110,210
0,255,0.0,6.0,173.0,4.0,26.600000000000023,119,219,190.60000000000002,110,210
0,256,0.0,6.0,178.0,5.0,22.600000000000023,119,219,186.60000000000002,110,210
0,257,0.0,6.0,184.0,6.0,18.600000000000023,119,219,182.60000000000002,110,210
0,258,0.0,6.0,176.0,-8.0,14.600000000000023,119,219,178.60000000000002,110,210
0,259,0.0,6.0,176.0,0.0,10.600000000000023,119,219,174.60000000000002,110,210
0,260,0.0,6.0,177.0,1.0,6.600000000000023,119,219,170.60000000000002,110,210
0,261,0.0,6.0,179.0,2.0,2.6000000000000227,119,219,166.60000000000002,110,210
0,262,0.0,6.0,182.0,3.0,162.60000000000002,110,210,306.6,192,292
0,263,0.0,6.0,174.0,-8.0,158.60000000000002,110,210,302.6,192,292
0,264,0.0,6.0,174.0,0.0,154.60000000000002,110,210,298.6,192,292
0,265,0.0,6.0,166.0,-8.0,150.60000000000002,110,210,294.6,192,292
0,266,0.0,6.0,166.0,0.0,146.60000000000002,110,210,290.6,192,292
0,267,0.0,6.0,158.0,-8.0,142.60000000000002,110,210,286.6,192,292
0,268,0.0,6.0,158.0,0.0,138.60000000000002,110,210,282.6,192,292
0,269,0.0,6.0,150.0,-8.0,134.60000000000002,110,210,278.6,192,292
0,270,0.0,6.0,150.0,0.0,130.60000000000002,110,210,274.6,192,292
0,271,0.0,6.0,142.0,-8.0,126.60000000000002,110,210,270.6,192,292
0,272,0.0,6.0,142.0,0.0,122.60000000000002,110,210,266.6,192,292
0,273,0.0,6.0,134.0,-8.0,118.60000000000002,110,210,262.6,192,292
0,274,0.0,6.0,134.0,0.0,114.60000000000002,110,210,258.6,192,292
0,275,0.0,6.0,126.0,-8.0,110.60000000000002,110,210,254.60000000000002,192,292
0,276,0.0,6.0,126.0,0.0,106.60000000000002,110,210,250.60000000000002,192,292
0,277,0.0,6.0,118.0,-8.0,102.60000000000002,110,210,246.60000000000002,192,292
0,278,0.0,6.0,118.0,0.0,98.60000000000002,110,210,242.60000000000002,192,292
0,279,0.0,6.0,119.0,1.0,94.60000000000002,110,210,238.60000000000002,192,292
0,280,0.0,6.0,121.0,2.0,90.60000000000002,110,210,234.60000000000002,192,292
0,281,0.0,6.0,124.0,3.0,86.60000000000002,110,210,230.60000000000002,192,292
0,282,0.0,6.0,128.0,4.0,82.60000000000002,110,210,226.60000000000002,192,292
0,283,0.0,6.0,133.0,5.0,78.60000000000002,110,210,222.60000000000002,192,292
0,284,0.0,6.0,139.0,6.0,74.60000000000002,110,210,218.60000000000002,192,292
0,285,0.0,6.0,146.0,7.0,70.60000000000002,110,210,214.60000000000002,192,292
0,286,0.0,6.0,154.0,8.0,66.60000000000002,110,210,210.60000000000002,192,292
0,287,0.0,6.0,163.0,9.0,62.60000000000002,110,210,206.60000000000002,192,292
0,288,0.0,6.0,155.0,-8.0,58.60000000000002,110,210,202.60000000000002,192,292
0,289,0.0,6.0,155.0,0.0,54.60000000000002,110,210,198.60000000000002,192,292
0,290,0.0,6.0,156.0,1.0,50.60000000000002,110,210,194.60000000000002,192,292
0,291,1.0,7.0,158.0,2.0,46.60000000000002,110,210,190.60000000000002,192,292
0,292,0.0,7.0,161.0,3.0,42.60000000000002,110,210,186.60000000000002,192,292
0,293,0.0,7.0,165.0,4.0,38.60000000000002,110,210,182.60000000000002,192,292
0,294,0.0,7.0,170.0,5.0,34.60000000000002,110,210,178.60000000000002,192,292
0,295,0.0,7.0,176.0,6.0,30.600000000000023,110,210,174.60000000000002,192,292
0,296,0.0,7.0,168.0,-8.0,26.600000000000023,110,210,170.60000000000002,192,292
0,297,0.0,7.0,168.0,0.0,22.600000000000023,110,210,166.60000000000002,192,292
0,298,0.0,7.0,169.0,1.0,18.600000000000023,110,210,162.60000000000002,192,292
0,299,0.0,7.0,171.0,2.0,14.600000000000023,110,210,158.60000000000002,192,292
0,300,0.0,7.0,174.0,3.0,10.600000000000023,110,210,154.60000000000002,192,292
0,301,0.0,7.0,178.0,4.0,6.600000000000023,110,210,150.60000000000002,192,292
0,302,0.0,7.0,183.0,5.0,2.6000000000000227,110,210,146.60000000000002,192,292
0,303,0.0,7.0,175.0,-8.0,142.60000000000002,192,292,286.6,92,192
0,304,0.0,7.0,175.0,0.0,138.60000000000002,192,292,282.6,92,192
0,305,0.0,7.0,176.0,1.0,134.60000000000002,192,292,278.6,92,192
0,306,0.0,7.0,178.0,2.0,130.60000000000002,192,292,274.6,92,192
0,307,0.0,7.0,181.0,3.0,126.60000000000002,192,292,270.6,92,192
0,308,0.0,7.0,185.0,4.0,122.60000000000002,192,292,266.6,92,192
0,309,0.0,7.0,190.0,5.0,118.60000000000002,192,292,262.6,92,192
0,310,0.0,7.0,196.0,6.0,114.60000000000002,192,292,258.6,92,192
0,311,0.0,7.0,203.0,7.0,110.60000000000002,192,292,254.60000000000002,92,192
0,312,0.0,7.0,211.0,8.0,106.60000000000002,192,292,250.60000000000002,92,192
0,313,0.0,7.0,220.0,9.0,102.60000000000002,192,292,246.60000000000002,92,192
0,314,0.0,7.0,230.0,10.0,98.60000000000002,192,292,242.60000000000002,92,192
0,315,0.0,7.0,222.0,-8.0,94.60000000000002,192,292,238.60000000000002,92,192
0,316,0.0,7.0,222.0,0.0,90.60000000000002,192,292,234.60000000000002,92,192
0,317,0.0,7.0,223.0,1.0,86.60000000000002,192,292,230.60000000000002,92,192
0,318,0.0,7.0,215.0,-8.0,82.60000000000002,192,292,226.60000000000002,92,192
0,319,0.0,7.0,215.0,0.0,78.60000000000002,192,292,222.60000000000002,92,192
0,320,0.0,7.0,216.0,1.0,74.60000000000002,192,292,218.60000000000002,92,192
0,321,0.0,7.0,218.0,2.0,70.60000000000002,192,292,214.60000000000002,92,192
0,322,0.0,7.0,221.0,3.0,66.60000000000002,192,292,210.60000000000002,92,192
0,323,0.0,7.0,225.0,4.0,62.60000000000002,192,292,206.60000000000002,92,192
0,324,0.0,7.0,230.0,5.0,58.60000000000002,192,292,202.60000000000002,92,192
0,325,0.0,7.0,222.0,-8.0,54.60000000000002,192,292,198.60000000000002,92,192
0,326,0.0,7.0,222.0,0.0,50.60000000000002,192,292,194.60000000000002,92,192
0,327,1.0,8.0,223.0,1.0,46.60000000000002,192,292,190.60000000000002,92,192
0,328,0.0,8.0,225.0,2.0,42.60000000000002,192,292,186.60000000000002,92,192
0,329,0.0,8.0,228.0,3.0,38.60000000000002,192,292,182.60000000000002,92,192
0,330,0.0,8.0,232.0,4.0,34.60000000000002,192,292,178.60000000000002,92,192
0,331,0.0,8.0,237.0,5.0,30.600000000000023,192,292,174.60000000000002,92,192
0,332,0.0,8.0,243.0,6.0,26.600000000000023,192,292,170.60000000000002,92,192
0,333,0.0,8.0,235.0,-8.0,22.600000000000023,192,292,166.60000000000002,92,192
0,334,0.0,8.0,235.0,0.0,18.600000000000023,192,292,162.60000000000002,92,192
0,335,0.0,8.0,236.0,1.0,14.600000000000023,192,292,158.60000000000002,92,192
0,336,0.0,8.0,238.0,2.0,10.600000000000023,192,292,154.60000000000002,92,192
0,337,0.0,8.0,241.0,3.0,6.600000000000023,192,292,150.60000000000002,92,192
0,338,0.0,8.0,245.0,4.0,2.6000000000000227,192,292,146.60000000000002,92,192
0,339,0.0,8.0,237.0,-8.0,142.60000000000002,92,192,306.6,132,232
0,340,0.0,8.0,237.0,0.0,138.60000000000002,92,192,302.6,132,232
0,341,0.0,8.0,229.0,-8.0,134.60000000000002,92,192,298.6,132,232
0,342,0.0,8.0,229.0,0.0,130.60000000000002,92,192,294.6,132,232
0,343,0.0,8.0,221.0,-8.0,126.60000000000002,92,192,290.6,132,232
0,344,0.0,8.0,221.0,0.0,122.60000000000002,92,192,286.6,132,232
0,345,0.0,8.0,213.0,-8.0,118.60000000000002,92,192,282.6,132,232
0,346,0.0,8.0,213.0,0.0,114.60000000000002,92,192,278.6,132,232
0,347,0.0,8.0,205.0,-8.0,110.60000000000002,92,192,274.6,132,232
0,348,0.0,8.0,205.0,0.0,106.60000000000002,92,192,270.6,132,232
0,349,0.0,8.0,197.0,-8.0,102.60000000000002,92,192,266.6,132,232
0,350,0.0,8.0,197.0,0.0,98.60000000000002,92,192,262.6,132,232
0,351,0.0,8.0,189.0,-8.0,94.60000000000002,92,192,258.6,132,232
0,352,0.0,8.0,189.0,0.0,90.60000000000002,92,192,254.60000000000002,132,232
0,353,0.0,8.0,181.0,-8.0,86.60000000000002,92,192,250.60000000000002,132,232
0,354,0.0,8.0,181.0,0.0,82.60000000000002,92,192,246.60000000000002,132,232
0,355,0.0,8.0,173.0,-8.0,78.60000000000002,92,192,242.60000000000002,132,232
0,356,0.0,8.0,173.0,0.0,74.60000000000002,92,192,238.60000000000002,132,232
0,357,0.0,8.0,165.0,-8.0,70.60000000000002,92,192,234.60000000000002,132,232
0,358,0.0,8.0,165.0,0.0,66.60000000000002,92,192,230.60000000000002,132,232
0,359,0.0,8.0,157.0,-8.0,62.60000000000002,92,192,226.60000000000002,132,232
0,360,0.0,8.0,157.0,0.0,58.60000000000002,92,192,222.60000000000002,132,232
0,361,0.0,8.0,158.0,1.0,54.60000000000002,92,192,218.60000000000002,132,232
0,362,0.0,8.0,160.0,2.0,50.60000000000002,92,192,214.60000000000002,132,232
0,363,1.0,9.0,163.0,3.0,46.60000000000002,92,192,210.60000000000002,132,232
0,364,0.0,9.0,155.0,-8.0,42.60000000000002,92,192,206.60000000000002,132,232
0,365,0.0,9.0,155.0,0.0,38.60000000000002,92,192,202.60000000000002,132,232
0,366,0.0,9.0,156.0,1.0,34.60000000000002,92,192,198.60000000000002,132,232
0,367,0.0,9.0,158.0,2.0,30.600000000000023,92,192,194.60000000000002,132,232
0,368,0.0,9.0,161.0,3.0,26.600000000000023,92,192,190.60000000000002,132,232
0,369,0.0,9.0,165.0,4.0,22.600000000000023,92,192,186.60000000000002,132,232
0,370,0.0,9.0,157.0,-8.0,18.600000000000023,92,192,182.60000000000002,132,232
0,371,0.0,9.0,157.0,0.0,14.600000000000023,92,192,178.60000000000002,132,232
0,372,0.0,9.0,158.0,1.0,10.600000000000023,92,192,174.60000000000002,132,232
0,373,0.0,9.0,160.0,2.0,6.600000000000023,92,192,170.60000000000002,132,232
0,374,0.0,9.0,163.0,3.0,2.6000000000000227,92,192,166.60000000000002,132,232
0,375,0.0,9.0,155.0,-8.0,162.60000000000002,132,232,306.6,33,133
0,376,0.0,9.0,155.0,0.0,158.60000000000002,132,232,302.6,33,133
0,377,0.0,9.0,147.0,-8.0,154.60000000000002,132,232,298.6,33,133
0,378,0.0,9.0,147.0,0.0,150.60000000000002,132,232,294.6,33,133
0,379,0.0,9.0,139.0,-8.0,146.60000000000002,132,232,290.6,33,133
0,380,0.0,9.0,139.0,0.0,142.60000000000002,132,232,286.6,33,133
0,381,0.0,9.0,131.0,-8.0,138.60000000000002,132,232,282.6,33,133
0,382,0.0,9.0,131.0,0.0,134.60000000000002,132,232,278.6,33,133
0,383,0.0,9.0,123.0,-8.0,130.60000000000002,132,232,274.6,33,133
0,384,0.0,9.0,123.0,0.0,126.60000000000002,132,232,270.6,33,133
0,385,0.0,9.0,115.0,-8.0,122.60000000000002,132,232,266.6,33,133
0,386,0.0,9.0,115.0,0.0,118.60000000000002,132,232,262.6,33,133
0,387,0.0,9.0,116.0,1.0,114.60000000000002,132,232,258.6,33,133
0,388,0.0,9.0,118.0,2.0,110.60000000000002,132,232,254.60000000000002,33,133
0,389,0.0,9.0,121.0,3.0,106.60000000000002,132,232,250.60000000000002,33,133
0,390,0.0,9.0,125.0,4.0,102.60000000000002,132,232,246.60000000000002,33,133
0,391,0.0,9.0,130.0,5.0,98.60000000000002,132,232,242.60000000000002,33,133
0,392,0.0,9.0,136.0,6.0,94.60000000000002,132,232,238.60000000000002,33,133
0,393,0.0,9.0,143.0,7.0,90.60000000000002,132,232,234.60000000000002,33,133
0,394,0.0,9.0,151.0,8.0,86.60000000000002,132,232,230.60000000000002,33,133
0,395,0.0,9.0,160.0,9.0,82.60000000000002,132,232,226.60000000000002,33,133
0,396,0.0,9.0,170.0,10.0,78.60000000000002,132,232,222.60000000000002,33,133
0,397,0.0,9.0,162.0,-8.0,74.60000000000002,132,232,218.60000000000002,33,133
0,398,0.0,9.0,162.0,0.0,70.60000000000002,132,232,214.60000000000002,33,133
0,399,0.0,9.0,163.0,1.0,66.60000000000002,132,232,210.60000000000002,33,133
0,400,0.0,9.0,165.0,2.0,62.60000000000002,132,232,206.60000000000002,33,133
0,401,0.0,9.0,168.0,3.0,58.60000000000002,132,232,202.60000000000002,33,133
0,402,0.0,9.0,172.0,4.0,54.60000000000002,132,232,198.60000000000002,33,133
0,403,0.0,9.0,177.0,5.0,50.60000000000002,132,232,194.60000000000002,33,133
0,404,1.0,10.0,183.0,6.0,46.60000000000002,132,232,190.60000000000002,33,133
0,405,0.0,10.0,175.0,-8.0,42.60000000000002,132,232,186.60000000000002,33,133
0,406,0.0,10.0,175.0,0.0,38.60000000000002,132,232,182.60000000000002,33,133
0,407,0.0,10.0,176.0,1.0,34.60000000000002,132,232,178.60000000000002,33,133
0,408,0.0,10.0,178.0,2.0,30.600000000000023,132,232,174.60000000000002,33,133
0,409,0.0,10.0,181.0,3.0,26.600000000000023,132,232,170.60000000000002,33,133
0,410,0.0,10.0,185.0,4.0,22.600000000000023,132,232,166.60000000000002,33,133
0,411,0.0,10.0,190.0,5.0,18.600000000000023,132,232,162.60000000000002,33,133
0,412,0.0,10.0,196.0,6.0,14.600000000000023,132,232,158.60000000000002,33,133
0,413,0.0,10.0,188.0,-8.0,10.600000000000023,132,232,154.60000000000002,33,133
0,414,0.0,10.0,188.0,0.0,6.600000000000023,132,232,150.60000000000002,33,133
0,415,0.0,10.0,189.0,1.0,2.6000000000000227,132,232,146.60000000000002,33,133
0,416,0.0,10.0,191.0,2.0,142.60000000000002,33,133,286.6,130,230
0,417,0.0,10.0,183.0,-8.0,138.60000000000002,33,133,282.6,130,230
0,418,0.0,10.0,183.0,0.0,134.60000000000002,33,133,278.6,130,230
0,419,0.0,10.0,175.0,-8.0,130.60000000000002,33,133,274.6,130,230
0,420,0.0,10.0,175.0,0.0,126.60000000000002,33,133,270.6,130,230
0,421,0.0,10.0,167.0,-8.0,122.60000000000002,33,133,266.6,130,230
0,422,0.0,10.0,167.0,0.0,118.60000000000002,33,133,262.6,130,230
0,423,0.0,10.0,159.0,-8.0,114.60000000000002,33,133,258.6,130,230
0,424,0.0,10.0,159.0,0.0,110.60000000000002,33,133,254.60000000000002,130,230
0,425,0.0,10.0,151.0,-8.0,106.60000000000002,33,133,250.60000000000002,130,230
0,426,0.0,10.0,151.0,0.0,102.60000000000002,33,133,246.60000000000002,130,230
0,427,0.0,10.0,143.0,-8.0,98.60000000000002,33,133,242.60000000000002,130,230
0,428,0.0,10.0,143.0,0.0,94.60000000000002,33,133,238.60000000000002,130,230
0,429,0.0,10.0,135.0,-8.0,90.60000000000002,33,133,234.60000000000002,130,230
0,430,0.0,10.0,135.0,0.0,86.60000000000002,33,133,230.60000000000002,130,230
0,431,0.0,10.0,127.0,-8.0,82.60000000000002,33,133,226.60000000000002,130,230
0,432,0.0,10.0,127.0,0.0,78.60000000000002,33,133,222.60000000000002,130,230
0,433,0.0,10.0,119.0,-8.0,74.60000000000002,33,133,218.60000000000002,130,230
0,434,0.0,10.0,119.0,0.0,70.60000000000002,33,133,214.60000000000002,130,230
0,435,0.0,10.0,120.0,1.0,66.60000000000002,33,133,210.60000000000002,130,230
0,436,-5.0,5.0,122.0,2.0,62.60000000000002,33,133,206.60000000000002,130,230
0,0,0.0,0.0,250.0,-6.0,305.0,100,200,449.0,52,152
0,1,0.0,0.0,250.0,0.0,301.0,100,200,445.0,52,152
0,2,0.0,0.0,242.0,-8.0,297.0,100,200,441.0,52,152
0,3,0.0,0.0,242.0,0.0,293.0,100,200,437.0,52,152
0,4,0.0,0.0,234.0,-8.0,289.0,100,200,433.0,52,152
0,5,0.0,0.0,234.0,0.0,285.0,100,200,429.0,52,152
0,6,0.0,0.0,226.0,-8.0,281.0,100,200,425.0,52,152
0,7,0.0,0.0,226.0,0.0,277.0,100,200,421.0,52,152
0,8,0.0,0.0,218.0,-8.0,273.0,100,200,417.0,52,152
0,9,0.0,0.0,218.0,0.0,269.0,100,200,413.0,52,152
0,10,0.0,0.0,210.0,-8.0,265.0,100,200,409.0,52,152
0,11,0.0,0.0,210.0,0.0,261.0,100,200,405.0,52,152
0,12,0.0,0.0,202.0,-8.0,257.0,100,200,401.0,52,152
0,13,0.0,0.0,202.0,0.0,253.0,100,200,397.0,52,152
0,14,0.0,0.0,194.0,-8.0,249.0,100,200,393.0,52,152
0,15,0.0,0.0,194.0,0.0,245.0,100,200,389.0,52,152
0,16,0.0,0.0,186.0,-8.0,241.0,100,200,385.0,52,152
0,17,0.0,0.0,186.0,0.0,237.0,100,200,381.0,52,152
0,18,0.0,0.0,178.0,-8.0,233.0,100,200,377.0,52,152
0,19,0.0,0.0,178.0,0.0,229.0,100,200,373.0,52,152
0,20,0.0,0.0,170.0,-8.0,225.0,100,200,369.0,52,152
0,21,0.0,0.0,170.0,0.0,221.0,100,200,365.0,52,152
0,22,0.0,0.0,162.0,-8.0,217.0,100,200,361.0,52,152
0,23,0.0,0.0,162.0,0.0,213.0,100,200,357.0,52,152
0,24,0.0,0.0,154.0,-8.0,209.0,100,200,353.0,52,152
0,25,0.0,0.0,154.0,0.0,205.0,100,200,349.0,52,152
0,26,0.0,0.0,146.0,-8.0,201.0,100,200,345.0,52,152
0,27,0.0,0.0,146.0,0.0,197.0,100,200,341.0,52,152
0,28,0.0,0.0,138.0,-8.0,193.0,100,200,337.0,52,152
0,29,0.0,0.0,138.0,0.0,189.0,100,200,333.0,52,152
0,30,0.0,0.0,130.0,-8.0,185.0,100,200,329.0,52,152
0,31,0.0,0.0,130.0,0.0,181.0,100,200,325.0,52,152
0,32,0.0,0.0,122.0,-8.0,177.0,100,200,321.0,52,152
0,33,0.0,0.0,122.0,0.0,173.0,100,200,317.0,52,152
0,34,0.0,0.0,114.0,-8.0,169.0,100,200,313.0,52,152
0,35,0.0,0.0,114.0,0.0,165.0,100,200,309.0,52,152
0,36,0.0,0.0,106.0,-8.0,161.0,100,200,305.0,52,152
0,37,0.0,0.0,106.0,0.0,157.0,100,200,301.0,52,152
0,38,0.0,0.0,98.0,-8.0,153.0,100,200,297.0,52,152
0,39,0.0,0.0,98.0,0.0,149.0,100,200,293.0,52,152
0,40,0.0,0.0,90.0,-8.0,145.0,100,200,289.0,52,152
0,41,0.0,0.0,90.0,0.0,141.0,100,200,285.0,52,152
0,42,0.0,0.0,91.0,1.0,137.0,100,200,281.0,52,152
0,43,0.0,0.0,83.0,-8.0,133.0,100,200,277.0,52,152
0,44,0.0,0.0,83.0,0.0,129.0,100,200,273.0,52,152
0,45,0.0,0.0,84.0,1.0,125.0,100,200,269.0,52,152
0,46,0.0,0.0,86.0,2.0,121.0,100,200,265.0,52,152
0,47,0.0,0.0,89.0,3.0,117.0,100,200,261.0,52,152
0,48,0.0,0.0,93.0,4.0,113.0,100,200,257.0,52,152
0,49,0.0,0.0,98.0,5.0,109.0,100,200,253.0,52,152
0,50,0.0,0.0,104.0,6.0,105.0,100,200,249.0,52,152
0,51,0.0,0.0,111.0,7.0,101.0,100,200,245.0,52,152
0,52,0.0,0.0,119.0,8.0,97.0,100,200,241.0,52,152
0,53,0.0,0.0,128.0,9.0,93.0,100,200,237.0,52,152
0,54,0.0,0.0,138.0,10.0,89.0,100,200,233.0,52,152
0,55,0.0,0.0,130.0,-8.0,85.0,100,200,229.0,52,152
0,56,0.0,0.0,130.0,0.0,81.0,100,200,225.0,52,152
0,57,0.0,0.0,131.0,1.0,77.0,100,200,221.0,52,152
0,58,0.0,0.0,133.0,2.0,73.0,100,200,217.0,52,152
0,59,0.0,0.0,136.0,3.0,69.0,100,200,213.0,52,152
0,60,0.0,0.0,140.0,4.0,65.0,100,200,209.0,52,152
0,61,0.0,0.0,145.0,5.0,61.0,100,200,205.0,52,152
0,62,0.0,0.0,151.0,6.0,57.0,100,200,201.0,52,152
0,63,0.0,0.0,143.0,-8.0,53.0,100,200,197.0,52,152
0,64,0.0,0.0,143.0,0.0,49.0,100,200,193.0,52,152
0,65,1.0,1.0,144.0,1.0,45.0,100,200,189.0,52,152
0,66,0.0,1.0,146.0,2.0,41.0,100,200,185.0,52,152
0,67,0.0,1.0,149.0,3.0,37.0,100,200,181.0,52,152
0,68,0.0,1.0,153.0,4.0,33.0,100,200,177.0,52,152
0,69,0.0,1.0,158.0,5.0,29.0,100,200,173.0,52,152
0,70,0.0,1.0,164.0,6.0,25.0,100,200,169.0,52,152
0,71,0.0,1.0,156.0,-8.0,21.0,100,200,165.0,52,152
0,72,0.0,1.0,156.0,0.0,17.0,100,200,161.0,52,152
0,73,0.0,1.0,157.0,1.0,13.0,100,200,157.0,52,152
0,74,0.0,1.0,159.0,2.0,9.0,100,200,153.0,52,152
0,75,0.0,1.0,162.0,3.0,5.0,100,200,149.0,52,152
0,76,0.0,1.0,166.0,4.0,1.0,100,200,145.0,52,152
0,77,0.0,1.0,171.0,5.0,141.0,52,152,285.0,159,259
0,78,0.0,1.0,163.0,-8.0,137.0,52,152,281.0,159,259
0,79,0.0,1.0,163.0,0.0,133.0,52,152,277.0,159,259
0,80,0.0,1.0,155.0,-8.0,129.0,52,152,273.0,159,259
0,81,0.0,1.0,155.0,0.0,125.0,52,152,269.0,159,259
0,82,0.0,1.0,147.0,-8.0,121.0,52,152,265.0,159,259
0,83,0.0,1.0,147.0,0.0,117.0,52,152,261.0,159,259
0,84,0.0,1.0,139.0,-8.0,113.0,52,152,257.0,159,259
0,85,0.0,1.0,139.0,0.0,109.0,52,152,253.0,159,259
0,86,0.0,1.0,131.0,-8.0,105.0,52,152,249.0,159,259
0,87,0.0,1.0,131.0,0.0,101.0,52,152,245.0,159,259
0,88,0.0,1.0,123.0,-8.0,97.0,52,152,241.0,159,259
0,89,0.0,1.0,123.0,0.0,93.0,52,152,237.0,159,259
0,90,0.0,1.0,115.0,-8.0,89.0,52,152,233.0,159,259
0,91,0.0,1.0,115.0,0.0,85.0,52,152,229.0,159,259
0,92,0.0,1.0,116.0,1.0,81.0,52,152,225.0,159,259
0,93,0.0,1.0,118.0,2.0,77.0,52,152,221.0,159,259
0,94,0.0,1.0,121.0,3.0,73.0,52,152,217.0,159,259
0,95,0.0,1.0,125.0,4.0,69.0,52,152,213.0,159,259
0,96,0.0,1.0,130.0,5.0,65.0,52,152,209.0,159,259
0,97,-5.0,-4.0,122.0,-8.0,61.0,52,152,205.0,159,259
0,0,0.0,0.0,248.0,-8.0,305.0,123,223,449.0,121,221
0,1,0.0,0.0,248.0,0.0,301.0,123,223,445.0,121,221
0,2,0.0,0.0,240.0,-8.0,297.0,123,223,441.0,121,221
0,3,0.0,0.0,240.0,0.0,293.0,123,223,437.0,121,221
0,4,0.0,0.0,232.0,-8.0,289.0,123,223,433.0,121,221
0,5,0.0,0.0,232.0,0.0,285.0,123,223,429.0,121,221
0,6,0.0,0.0,224.0,-8.0,281.0,123,223,425.0,121,221
0,7,0.0,0.0,224.0,0.0,277.0,123,223,421.0,121,221
0,8,0.0,0.0,216.0,-8.0,273.0,123,223,417.0,121,221
0,9,0.0,0.0,216.0,0.0,269.0,123,223,413.0,121,221
0,10,0.0,0.0,208.0,-8.0,265.0,123,223,409.0,121,221
0,11,0.0,0.0,208.0,0.0,261.0,123,223,405.0,121,221
0,12,0.0,0.0,200.0,-8.0,257.0,123,223,401.0,121,221
0,13,0.0,0.0,200.0,0.0,253.0,123,223,397.0,121,221
0,14,0.0,0.0,192.0,-8.0,249.0,123,223,393.0,121,221
0,15,0.0,0.0,192.0,0.0,245.0,123,223,389.0,121,221
0,16,0.0,0.0,184.0,-8.0,241.0,123,223,385.0,121,221
0,17,0.0,0.0,184.0,0.0,237.0,123,223,381.0,121,221
0,18,0.0,0.0,176.0,-8.0,233.0,123,223,377.0,121,221
0,19,0.0,0.0,176.0,0.0,229.0,123,223,373.0,121,221
0,20,0.0,0.0,168.0,-8.0,225.0,123,223,369.0,121,221
0,21,0.0,0.0,168.0,0.0,221.0,123,223,365.0,121,221
0,22,0.0,0.0,160.0,-8.0,217.0,123,223,361.0,121,221
0,23,0.0,0.0,160.0,0.0,213.0,123,223,357.0,121,221
0,24,0.0,0.0,152.0,-8.0,209.0,123,223,353.0,121,221
0,25,0.0,0.0,152.0,0.0,205.0,123,223,349.0,121,221
0,26,0.0,0.0,144.0,-8.0,201.0,123,223,345.0,121,221
0,27,0.0,0.0,144.0,0.0,197.0,123,223,341.0,121,221
0,28,0.0,0.0,136.0,-8.0,193.0,123,223,337.0,121,221
0,29,0.0,0.0,136.0,0.0,189.0,123,223,333.0,121,221
0,30,0.0,0.0,128.0,-8.0,185.0,123,223,329.0,121,221
0,31,0.0,0.0,128.0,0.0,181.0,123,223,325.0,121,221
0,32,0.0,0.0,120.0,-8.0,177.0,123,223,321.0,121,221
0,33,0.0,0.0,120.0,0.0,173.0,123,223,317.0,121,221
0,34,0.0,0.0,112.0,-8.0,169.0,123,223,313.0,121,221
0,35,0.0,0.0,112.0,0.0,165.0,123,223,309.0,121,221
0,36,0.0,0.0,104.0,-8.0,161.0,123,223,305.0,121,221
0,37,0.0,0.0,104.0,0.0,157.0,123,223,301.0,121,221
0,38,0.0,0.0,96.0,-8.0,153.0,123,223,297.0,121,221
0,39,0.0,0.0,96.0,0.0,149.0,123,223,293.0,121,221
0,40,0.0,0.0,88.0,-8.0,145.0,123,223,289.0,121,221
0,41,0.0,0.0,88.0,0.0,141.0,123,223,285.0,121,221
0,42,0.0,0.0,89.0,1.0,137.0,123,223,281.0,121,221
0,43,0.0,0.0,91.0,2.0,133.0,123,223,277.0,121,221
0,44,0.0,0.0,94.0,3.0,129.0,123,223,273.0,121,221
0,45,0.0,0.0,98.0,4.0,125.0,123,223,269.0,121,221
0,46,0.0,0.0,103.0,5.0,121.0,123,223,265.0,121,221
0,47,0.0,0.0,109.0,6.0,117.0,123,223,261.0,121,221
0,48,0.0,0.0,116.0,7.0,113.0,123,223,257.0,121,221
0,49,0.0,0.0,124.0,8.0,109.0,123,223,253.0,121,221
0,50,0.0,0.0,133.0,9.0,105.0,123,223,249.0,121,221
0,51,0.0,0.0,143.0,10.0,101.0,123,223,245.0,121,221
0,52,0.0,0.0,153.0,10.0,97.0,123,223,241.0,121,221
0,53,0.0,0.0,163.0,10.0,93.0,123,223,237.0,121,221
0,54,0.0,0.0,155.0,-8.0,89.0,123,223,233.0,121,221
0,55,0.0,0.0,155.0,0.0,85.0,123,223,229.0,121,221
0,56,0.0,0.0,156.0,1.0,81.0,123,223,225.0,121,221
0,57,0.0,0.0,158.0,2.0,77.0,123,223,221.0,121,221
0,58,0.0,0.0,161.0,3.0,73.0,123,223,217.0,121,221
0,59,0.0,0.0,165.0,4.0,69.0,123,223,213.0,121,221
0,60,0.0,0.0,170.0,5.0,65.0,123,223,209.0,121,221
0,61,0.0,0.0,176.0,6.0,61.0,123,223,205.0,121,221
0,62,0.0,0.0,168.0,-8.0,57.0,123,223,201.0,121,221
0,63,0.0,0.0,168.0,0.0,53.0,123,223,197.0,121,221
0,64,0.0,0.0,169.0,1.0,49.0,123,223,193.0,121,221
0,65,1.0,1.0,171.0,2.0,45.0,123,223,189.0,121,221
0,66,0.0,1.0,174.0,3.0,41.0,123,223,185.0,121,221
0,67,0.0,1.0,178.0,4.0,37.0,123,223,181.0,121,221
0,68,0.0,1.0,183.0,5.0,33.0,123,223,177.0,121,221
0,69,0.0,1.0,189.0,6.0,29.0,123,223,173.0,121,221
0,70,0.0,1.0,181.0,-8.0,25.0,123,223,169.0,121,221
0,71,0.0,1.0,181.0,0.0,21.0,123,223,165.0,121,221
0,72,0.0,1.0,182.0,1.0,17.0,123,223,161.0,121,221
0,73,0.0,1.0,184.0,2.0,13.0,123,223,157.0,121,221
0,74,0.0,1.0,187.0,3.0,9.0,123,223,153.0,121,221
